Name,Grade_Code__c,Description_of_Work__c,Type_of_Work__c,Start_Date__c,End_Date__c,Notional_Pricing__c,Threshold_Limit__c,Building_Entitlement__c,Check_Messages__c
BLR,BUILDER,New Dwelling,New,2008-01-01T00:00:00.000Z,"",true,"",1000000.0,""
BMR,BUILDER,New Dwelling,New,2008-01-01T00:00:00.000Z,"",true,"",1000000.0,""
BO,BUILDER,New Dwelling,New,2008-01-01T00:00:00.000Z,"",true,"",1000000.0,""
BR,BUILDER,New Dwelling,New,2008-01-01T00:00:00.000Z,"",true,"",1000000.0,""
AA,BUILDER,Carport,Reno/Alter/Add/Repair/Extension,2008-01-01T00:00:00.000Z,"",true,"",1000000.0,"Is a fixed structure on the site of a residence or proposed residence, is for residential use and has a roof that is impervious to water and wind."
AA,BUILDER,Garage,Reno/Alter/Add/Repair/Extension,2008-01-01T00:00:00.000Z,"",true,"",1000000.0,"Is a fixed structure on the site of a residence or proposed residence, is for residential use and has a roof that is impervious to water and wind."
AA,BUILDER,Other,Reno/Alter/Add/Repair/Extension,2008-01-01T00:00:00.000Z,"",true,"",1000000.0,""
AA,BUILDER,Painting,Reno/Alter/Add/Repair/Extension,2016-10-27T14:00:00.000Z,2016-12-01T13:59:59.000Z,false,20000.0,1000000.0,""
AA,BUILDER,Painting,Reno/Alter/Add/Repair/Extension,2016-12-01T14:00:00.000Z,"",false,1.0E10,200000.0,""
AA,BUILDER,Rendering,Reno/Alter/Add/Repair/Extension,2016-12-01T14:00:00.000Z,"",false,1.0E10,200000.0,""
AA,BUILDER,Shed,Reno/Alter/Add/Repair/Extension,2008-01-01T00:00:00.000Z,"",true,"",1000000.0,"Is a fixed structure on the site of a residence or proposed residence, is not used, or intended to be used for agricultural or pastoral purposes; and is not on land used wholly or primarily for agricultural or pastoral purposes."
AA,BUILDER,Solid Plastering,Reno/Alter/Add/Repair/Extension,2016-12-01T14:00:00.000Z,"",false,1.0E10,200000.0,""
AA,BUILDER,Tiling,Reno/Alter/Add/Repair/Extension,2008-01-01T00:00:00.000Z,"",true,"",1000000.0,""
AA,BUILDER,Work for Body Corporate,Reno/Alter/Add/Repair/Extension,2008-01-01T00:00:00.000Z,"",false,20000.0,1000000.0,""
BLR,BUILDER,Bathroom,Reno/Alter/Add/Repair/Extension,2008-01-01T00:00:00.000Z,"",true,"",1000000.0,""
BLR,BUILDER,Carport,Reno/Alter/Add/Repair/Extension,2008-01-01T00:00:00.000Z,"",true,"",1000000.0,"Is a fixed structure on the site of a residence or proposed residence, is for residential use and has a roof that is impervious to water and wind."
BLR,BUILDER,Deck,Reno/Alter/Add/Repair/Extension,2008-01-01T00:00:00.000Z,"",true,"",1000000.0,"Is a fixed structure attached to a residence, or if not attached to a residence has a roof that is impervious to water and wind."
BLR,BUILDER,External Stairs or Ramps,Reno/Alter/Add/Repair/Extension,2008-01-01T00:00:00.000Z,"",true,"",1000000.0,""
BLR,BUILDER,Garage,Reno/Alter/Add/Repair/Extension,2008-01-01T00:00:00.000Z,"",true,"",1000000.0,"Is a fixed structure on the site of a residence or proposed residence, is for residential use and has a roof that is impervious to water and wind."
BLR,BUILDER,Kitchen,Reno/Alter/Add/Repair/Extension,2008-01-01T00:00:00.000Z,"",true,"",1000000.0,""
BLR,BUILDER,Laundry,Reno/Alter/Add/Repair/Extension,2008-01-01T00:00:00.000Z,"",true,"",1000000.0,""
BLR,BUILDER,Manufactured Homepark,Reno/Alter/Add/Repair/Extension,2008-01-01T00:00:00.000Z,"",true,"",1000000.0,""
BLR,BUILDER,Other,Reno/Alter/Add/Repair/Extension,2008-01-01T00:00:00.000Z,"",true,"",1000000.0,""
BLR,BUILDER,Painting,Reno/Alter/Add/Repair/Extension,2016-10-27T14:00:00.000Z,2016-12-01T13:59:59.000Z,false,20000.0,1000000.0,""
BLR,BUILDER,Painting,Reno/Alter/Add/Repair/Extension,2016-12-01T14:00:00.000Z,"",false,1.0E10,200000.0,""
BLR,BUILDER,Patio or Pergola,Reno/Alter/Add/Repair/Extension,2008-01-01T00:00:00.000Z,"",true,"",1000000.0,"Is a fixed structure attached to a residence, or if not attached to a residence has a roof that is impervious to water and wind."
BLR,BUILDER,Prefab or Existing,Reno/Alter/Add/Repair/Extension,2008-01-01T00:00:00.000Z,"",true,"",1000000.0,""
BLR,BUILDER,Raise & Restump,Reno/Alter/Add/Repair/Extension,2008-01-01T00:00:00.000Z,"",true,"",1000000.0,""
BLR,BUILDER,"Raise, Restump & Build in",Reno/Alter/Add/Repair/Extension,2008-01-01T00:00:00.000Z,"",true,"",1000000.0,""
BLR,BUILDER,Rendering,Reno/Alter/Add/Repair/Extension,2016-12-01T14:00:00.000Z,"",false,1.0E10,200000.0,""
BLR,BUILDER,Roof Replacement & Repair,Reno/Alter/Add/Repair/Extension,2008-01-01T00:00:00.000Z,"",false,5000.0,1000000.0,""
BLR,BUILDER,Shed,Reno/Alter/Add/Repair/Extension,2008-01-01T00:00:00.000Z,"",true,"",1000000.0,"Is a fixed structure on the site of a residence or proposed residence, is not used, or intended to be used for agricultural or pastoral purposes; and is not on land used wholly or primarily for agricultural or pastoral purposes."
BLR,BUILDER,Solid Plastering,Reno/Alter/Add/Repair/Extension,2016-12-01T14:00:00.000Z,"",false,1.0E10,200000.0,""
BLR,BUILDER,Swimming Pool - built external to dwelling,Reno/Alter/Add/Repair/Extension,2016-10-27T14:00:00.000Z,"",false,"",1000000.0,"Where the swimming pool is related to multiple dwelling or duplex, it is NOT built in or on the multiple dwelling or duplex, but is built external to the multiple dwelling or duplex."
BLR,BUILDER,Swimming Pool - built in or on a dwelling,Reno/Alter/Add/Repair/Extension,2016-10-27T14:00:00.000Z,"",true,"",1000000.0,"Where the swimming pool is related to a multiple dwelling or duplex, it is built in or on the multiple dwelling or duplex. E.g. indoor pool or rooftop pool."
BLR,BUILDER,Tiling,Reno/Alter/Add/Repair/Extension,2008-01-01T00:00:00.000Z,"",true,"",1000000.0,""
BLR,BUILDER,Work for Body Corporate,Reno/Alter/Add/Repair/Extension,2008-01-01T00:00:00.000Z,"",false,20000.0,1000000.0,""
BMR,BUILDER,Bathroom,Reno/Alter/Add/Repair/Extension,2008-01-01T00:00:00.000Z,"",true,"",1000000.0,Can include a separate toilet room (powder room) or ensuite.
BMR,BUILDER,Carport,Reno/Alter/Add/Repair/Extension,2008-01-01T00:00:00.000Z,"",true,"",1000000.0,"Is a fixed structure on the site of a residence or proposed residence, is for residential use and has a roof that is impervious to water and wind."
BMR,BUILDER,Deck,Reno/Alter/Add/Repair/Extension,2008-01-01T00:00:00.000Z,"",true,"",1000000.0,"Is a fixed structure attached to a residence, or if not attached to a residence has a roof that is impervious to water and wind."
BMR,BUILDER,External Stairs or Ramps,Reno/Alter/Add/Repair/Extension,2008-01-01T00:00:00.000Z,"",true,"",1000000.0,""
BMR,BUILDER,Footings or Slab work,Reno/Alter/Add/Repair/Extension,2016-12-01T14:00:00.000Z,"",true,"",1000000.0,""
BMR,BUILDER,Garage,Reno/Alter/Add/Repair/Extension,2008-01-01T00:00:00.000Z,"",true,"",1000000.0,"Is a fixed structure on the site of a residence or proposed residence, is for residential use and has a roof that is impervious to water and wind."
BMR,BUILDER,Kitchen,Reno/Alter/Add/Repair/Extension,2008-01-01T00:00:00.000Z,"",true,"",1000000.0,""
BMR,BUILDER,Laundry,Reno/Alter/Add/Repair/Extension,2008-01-01T00:00:00.000Z,"",true,"",1000000.0,""
BMR,BUILDER,Manufactured Homepark,Reno/Alter/Add/Repair/Extension,2008-01-01T00:00:00.000Z,"",true,"",1000000.0,""
BMR,BUILDER,Other,Reno/Alter/Add/Repair/Extension,2008-01-01T00:00:00.000Z,"",true,"",1000000.0,""
BMR,BUILDER,Painting,Reno/Alter/Add/Repair/Extension,2016-10-27T14:00:00.000Z,2016-12-01T13:59:59.000Z,false,20000.0,1000000.0,""
BMR,BUILDER,Painting,Reno/Alter/Add/Repair/Extension,2016-12-01T14:00:00.000Z,"",false,1.0E10,200000.0,""
BMR,BUILDER,Patio or Pergola,Reno/Alter/Add/Repair/Extension,2008-01-01T00:00:00.000Z,"",true,"",1000000.0,"Is a fixed structure attached to a residence, or if not attached to a residence has a roof that is impervious to water and wind."
BMR,BUILDER,Prefab or Existing,Reno/Alter/Add/Repair/Extension,2008-01-01T00:00:00.000Z,"",true,"",1000000.0,""
BMR,BUILDER,Raise & Restump,Reno/Alter/Add/Repair/Extension,2008-01-01T00:00:00.000Z,"",true,"",1000000.0,""
BMR,BUILDER,"Raise, Restump & Build in",Reno/Alter/Add/Repair/Extension,2008-01-01T00:00:00.000Z,"",true,"",1000000.0,""
BMR,BUILDER,Rendering,Reno/Alter/Add/Repair/Extension,2016-12-01T14:00:00.000Z,"",false,1.0E10,200000.0,""
BMR,BUILDER,Roof Replacement & Repair,Reno/Alter/Add/Repair/Extension,2008-01-01T00:00:00.000Z,"",false,5000.0,1000000.0,""
BMR,BUILDER,Shed,Reno/Alter/Add/Repair/Extension,2008-01-01T00:00:00.000Z,"",true,"",1000000.0,"Is a fixed structure on the site of a residence or proposed residence, is not used, or intended to be used for agricultural or pastoral purposes; and is not on land used wholly or primarily for agricultural or pastoral purposes."
BMR,BUILDER,Solid Plastering,Reno/Alter/Add/Repair/Extension,2016-12-01T14:00:00.000Z,"",false,1.0E10,200000.0,""
BMR,BUILDER,Swimming Pool - built external to dwelling,Reno/Alter/Add/Repair/Extension,2016-10-27T14:00:00.000Z,"",false,"",1000000.0,"Where the swimming pool is related to multiple dwelling or duplex, it is NOT built in or on the multiple dwelling or duplex, but is built external to the multiple dwelling or duplex."
BMR,BUILDER,Swimming Pool - built in or on a dwelling,Reno/Alter/Add/Repair/Extension,2016-10-27T14:00:00.000Z,"",true,"",1000000.0,"Where the swimming pool is related to a multiple dwelling or duplex, it is built in or on the multiple dwelling or duplex. E.g. indoor pool or rooftop pool."
BMR,BUILDER,Tiling,Reno/Alter/Add/Repair/Extension,2008-01-01T00:00:00.000Z,"",true,"",1000000.0,""
BMR,BUILDER,Work for Body Corporate,Reno/Alter/Add/Repair/Extension,2008-01-01T00:00:00.000Z,"",false,20000.0,1000000.0,""
BO,BUILDER,Bathroom,Reno/Alter/Add/Repair/Extension,2008-01-01T00:00:00.000Z,"",true,"",1000000.0,Can include a separate toilet room (powder room) or ensuite.
BO,BUILDER,Carport,Reno/Alter/Add/Repair/Extension,2008-01-01T00:00:00.000Z,"",true,"",1000000.0,"Is a fixed structure on the site of a residence or proposed residence, is for residential use and has a roof that is impervious to water and wind."
BO,BUILDER,Deck,Reno/Alter/Add/Repair/Extension,2008-01-01T00:00:00.000Z,"",true,"",1000000.0,"Is a fixed structure attached to a residence, or if not attached to a residence has a roof that is impervious to water and wind."
BO,BUILDER,External Stairs or Ramps,Reno/Alter/Add/Repair/Extension,2008-01-01T00:00:00.000Z,"",true,"",1000000.0,""
BO,BUILDER,Footings or Slab work,Reno/Alter/Add/Repair/Extension,2016-12-01T14:00:00.000Z,"",true,"",1000000.0,""
BO,BUILDER,Garage,Reno/Alter/Add/Repair/Extension,2008-01-01T00:00:00.000Z,"",true,"",1000000.0,"Is a fixed structure on the site of a residence or proposed residence, is for residential use and has a roof that is impervious to water and wind."
BO,BUILDER,Kitchen,Reno/Alter/Add/Repair/Extension,2008-01-01T00:00:00.000Z,"",true,"",1000000.0,""
BO,BUILDER,Laundry,Reno/Alter/Add/Repair/Extension,2008-01-01T00:00:00.000Z,"",true,"",1000000.0,""
BO,BUILDER,Manufactured Homepark,Reno/Alter/Add/Repair/Extension,2008-01-01T00:00:00.000Z,"",true,"",1000000.0,""
BO,BUILDER,Other,Reno/Alter/Add/Repair/Extension,2008-01-01T00:00:00.000Z,"",true,"",1000000.0,""
BO,BUILDER,Painting,Reno/Alter/Add/Repair/Extension,2016-10-27T14:00:00.000Z,2016-12-01T13:59:59.000Z,false,20000.0,1000000.0,""
BO,BUILDER,Painting,Reno/Alter/Add/Repair/Extension,2016-12-01T14:00:00.000Z,"",false,1.0E10,200000.0,""
BO,BUILDER,Patio or Pergola,Reno/Alter/Add/Repair/Extension,2008-01-01T00:00:00.000Z,"",true,"",1000000.0,"Is a fixed structure attached to a residence, or if not attached to a residence has a roof that is impervious to water and wind."
BO,BUILDER,Prefab or Existing,Reno/Alter/Add/Repair/Extension,2008-01-01T00:00:00.000Z,"",true,"",1000000.0,""
BO,BUILDER,Raise & Restump,Reno/Alter/Add/Repair/Extension,2008-01-01T00:00:00.000Z,"",true,"",1000000.0,""
BO,BUILDER,"Raise, Restump & Build in",Reno/Alter/Add/Repair/Extension,2008-01-01T00:00:00.000Z,"",true,"",1000000.0,""
BO,BUILDER,Rendering,Reno/Alter/Add/Repair/Extension,2016-12-01T14:00:00.000Z,"",false,1.0E10,200000.0,""
BO,BUILDER,Roof Replacement & Repair,Reno/Alter/Add/Repair/Extension,2008-01-01T00:00:00.000Z,"",false,5000.0,1000000.0,""
BO,BUILDER,Shed,Reno/Alter/Add/Repair/Extension,2008-01-01T00:00:00.000Z,"",true,"",1000000.0,"Is a fixed structure on the site of a residence or proposed residence, is not used, or intended to be used for agricultural or pastoral purposes; and is not on land used wholly or primarily for agricultural or pastoral purposes."
BO,BUILDER,Solid Plastering,Reno/Alter/Add/Repair/Extension,2016-12-01T14:00:00.000Z,"",false,1.0E10,200000.0,""
BO,BUILDER,Swimming Pool - built external to dwelling,Reno/Alter/Add/Repair/Extension,2016-10-27T14:00:00.000Z,"",false,"",1000000.0,"Where the swimming pool is related to multiple dwelling or duplex, it is NOT built in or on the multiple dwelling or duplex, but is built external to the multiple dwelling or duplex."
BO,BUILDER,Swimming Pool - built in or on a dwelling,Reno/Alter/Add/Repair/Extension,2016-10-27T14:00:00.000Z,"",true,"",1000000.0,"Where the swimming pool is related to a multiple dwelling or duplex, it is built in or on the multiple dwelling or duplex. E.g. indoor pool or rooftop pool."
BO,BUILDER,Tiling,Reno/Alter/Add/Repair/Extension,2008-01-01T00:00:00.000Z,"",true,"",1000000.0,""
BO,BUILDER,Work for Body Corporate,Reno/Alter/Add/Repair/Extension,2008-01-01T00:00:00.000Z,"",false,20000.0,1000000.0,""
BR,BUILDER,Carport,Reno/Alter/Add/Repair/Extension,2008-01-01T00:00:00.000Z,"",true,"",1000000.0,"Is a fixed structure on the site of a residence or proposed residence, is for residential use and has a roof that is impervious to water and wind."
BR,BUILDER,Deck,Reno/Alter/Add/Repair/Extension,2008-01-01T00:00:00.000Z,"",true,"",1000000.0,"Is a fixed structure attached to a residence, or if not attached to a residence has a roof that is impervious to water and wind."
BR,BUILDER,Garage,Reno/Alter/Add/Repair/Extension,2008-01-01T00:00:00.000Z,"",true,"",1000000.0,"Is a fixed structure on the site of a residence or proposed residence, is for residential use and has a roof that is impervious to water and wind."
BR,BUILDER,Other,Reno/Alter/Add/Repair/Extension,2008-01-01T00:00:00.000Z,"",true,"",1000000.0,""
BR,BUILDER,Patio or Pergola,Reno/Alter/Add/Repair/Extension,2008-01-01T00:00:00.000Z,"",true,"",1000000.0,"Is a fixed structure attached to a residence, or if not attached to a residence has a roof that is impervious to water and wind."
BR,BUILDER,Raise & Restump,Reno/Alter/Add/Repair/Extension,2008-01-01T00:00:00.000Z,"",true,"",1000000.0,""
BR,BUILDER,"Raise, Restump & Build in",Reno/Alter/Add/Repair/Extension,2008-01-01T00:00:00.000Z,"",true,"",1000000.0,""
BR,BUILDER,Shed,Reno/Alter/Add/Repair/Extension,2008-01-01T00:00:00.000Z,"",true,"",1000000.0,"Is a fixed structure on the site of a residence or proposed residence, is not used, or intended to be used for agricultural or pastoral purposes; and is not on land used wholly or primarily for agricultural or pastoral purposes."
BR,BUILDER,Work for Body Corporate,Reno/Alter/Add/Repair/Extension,2008-01-01T00:00:00.000Z,"",false,20000.0,1000000.0,""
BRKB,BUILDER,Bathroom,Reno/Alter/Add/Repair/Extension,2008-01-01T00:00:00.000Z,"",true,"",1000000.0,Can include a separate toilet room (powder room) or ensuite.
BRKB,BUILDER,Kitchen,Reno/Alter/Add/Repair/Extension,2008-01-01T00:00:00.000Z,"",true,"",1000000.0,""
BRKB,BUILDER,Laundry,Reno/Alter/Add/Repair/Extension,2008-01-01T00:00:00.000Z,"",true,"",1000000.0,""
BRKB,BUILDER,Other,Reno/Alter/Add/Repair/Extension,2008-01-01T00:00:00.000Z,"",true,"",1000000.0,""
BRKB,BUILDER,Work for Body Corporate,Reno/Alter/Add/Repair/Extension,2008-01-01T00:00:00.000Z,"",false,20000.0,1000000.0,""
BRSL,BUILDER,Carport,Reno/Alter/Add/Repair/Extension,2008-01-01T00:00:00.000Z,"",true,"",1000000.0,"Is a fixed structure on the site of a residence or proposed residence, is for residential use and has a roof that is impervious to water and wind."
BRSL,BUILDER,Deck,Reno/Alter/Add/Repair/Extension,2008-01-01T00:00:00.000Z,"",true,"",1000000.0,"Is a fixed structure attached to a residence, or if not attached to a residence has a roof that is impervious to water and wind."
BRSL,BUILDER,Garage,Reno/Alter/Add/Repair/Extension,2008-01-01T00:00:00.000Z,"",true,"",1000000.0,"Is a fixed structure on the site of a residence or proposed residence, is for residential use and has a roof that is impervious to water and wind."
BRSL,BUILDER,Other,Reno/Alter/Add/Repair/Extension,2008-01-01T00:00:00.000Z,"",true,"",1000000.0,""
BRSL,BUILDER,Patio or Pergola,Reno/Alter/Add/Repair/Extension,2008-01-01T00:00:00.000Z,"",true,"",1000000.0,"Is a fixed structure attached to a residence, or if not attached to a residence has a roof that is impervious to water and wind."
BRSL,BUILDER,Roof Replacement & Repair,Reno/Alter/Add/Repair/Extension,2008-01-01T00:00:00.000Z,"",false,5000.0,1000000.0,""
BRSL,BUILDER,Shed,Reno/Alter/Add/Repair/Extension,2008-01-01T00:00:00.000Z,"",true,"",1000000.0,"Is a fixed structure on the site of a residence or proposed residence, is not used, or intended to be used for agricultural or pastoral purposes; and is not on land used wholly or primarily for agricultural or pastoral purposes."
BRSL,BUILDER,Work for Body Corporate,Reno/Alter/Add/Repair/Extension,2008-01-01T00:00:00.000Z,"",false,20000.0,1000000.0,""
BRSP,BUILDER,Other,Reno/Alter/Add/Repair/Extension,2008-01-01T00:00:00.000Z,"",true,"",1000000.0,""
BRSP,BUILDER,Swimming Pool - built external to dwelling,Reno/Alter/Add/Repair/Extension,2016-10-27T14:00:00.000Z,"",false,"",1000000.0,"Where the swimming pool is related to multiple dwelling or duplex, it is NOT built in or on the multiple dwelling or duplex, but is built external to the multiple dwelling or duplex."
BRSP,BUILDER,Swimming Pool - built in or on a dwelling,Reno/Alter/Add/Repair/Extension,2016-10-27T14:00:00.000Z,"",true,"",1000000.0,"Where the swimming pool is related to a multiple dwelling or duplex, it is built in or on the multiple dwelling or duplex. E.g. indoor pool or rooftop pool."
BRSP,BUILDER,Work for Body Corporate,Reno/Alter/Add/Repair/Extension,2008-01-01T00:00:00.000Z,"",false,20000.0,1000000.0,""
BRSS,BUILDER,Other,Reno/Alter/Add/Repair/Extension,2007-12-31T14:00:00.000Z,"",true,"",1000000.0,""
BRSS,BUILDER,Painting,Reno/Alter/Add/Repair/Extension,2016-10-27T14:00:00.000Z,2016-12-01T13:59:59.000Z,false,20000.0,1000000.0,""
BRSS,BUILDER,Painting,Reno/Alter/Add/Repair/Extension,2016-12-01T14:00:00.000Z,2022-08-18T13:00:00.000Z,false,1.0E10,200000.0,""
BRSS,BUILDER,Work for Body Corporate,Reno/Alter/Add/Repair/Extension,2007-12-31T14:00:00.000Z,"",false,20000.0,1000000.0,""
EF,BUILDER,Carport,Reno/Alter/Add/Repair/Extension,2008-01-01T00:00:00.000Z,"",true,"",1000000.0,"Is a fixed structure on the site of a residence or proposed residence, is for residential use and has a roof that is impervious to water and wind."
EF,BUILDER,Deck,Reno/Alter/Add/Repair/Extension,2008-01-01T00:00:00.000Z,"",true,"",1000000.0,"Is a fixed structure attached to a residence, or if not attached to a residence has a roof that is impervious to water and wind."
EF,BUILDER,External Stairs or Ramps,Reno/Alter/Add/Repair/Extension,2008-01-01T00:00:00.000Z,"",true,"",1000000.0,""
EF,BUILDER,Garage,Reno/Alter/Add/Repair/Extension,2008-01-01T00:00:00.000Z,"",true,"",1000000.0,"Is a fixed structure on the site of a residence or proposed residence, is for residential use and has a roof that is impervious to water and wind."
EF,BUILDER,Other,Reno/Alter/Add/Repair/Extension,2008-01-01T00:00:00.000Z,"",true,"",1000000.0,""
EF,BUILDER,Patio or Pergola,Reno/Alter/Add/Repair/Extension,2008-01-01T00:00:00.000Z,"",true,"",1000000.0,"Is a fixed structure attached to a residence, or if not attached to a residence has a roof that is impervious to water and wind."
EF,BUILDER,Prefab or Existing,Reno/Alter/Add/Repair/Extension,2008-01-01T00:00:00.000Z,"",true,"",1000000.0,""
EF,BUILDER,Raise & Restump,Reno/Alter/Add/Repair/Extension,2008-01-01T00:00:00.000Z,"",true,"",1000000.0,""
EF,BUILDER,"Raise, Restump & Build in",Reno/Alter/Add/Repair/Extension,2008-01-01T00:00:00.000Z,"",true,"",1000000.0,""
EF,BUILDER,Rendering,Reno/Alter/Add/Repair/Extension,2016-12-01T14:00:00.000Z,"",false,1.0E10,200000.0,""
EF,BUILDER,Shed,Reno/Alter/Add/Repair/Extension,2008-01-01T00:00:00.000Z,"",true,"",1000000.0,"Is a fixed structure on the site of a residence or proposed residence, is not used, or intended to be used for agricultural or pastoral purposes; and is not on land used wholly or primarily for agricultural or pastoral purposes."
EF,BUILDER,Work for Body Corporate,Reno/Alter/Add/Repair/Extension,2008-01-01T00:00:00.000Z,"",false,20000.0,1000000.0,""
NSR,BUILDER,Bathroom,Reno/Alter/Add/Repair/Extension,2008-01-01T00:00:00.000Z,"",true,"",1000000.0,Can include a separate toilet room (powder room) or ensuite.
NSR,BUILDER,Kitchen,Reno/Alter/Add/Repair/Extension,2008-01-01T00:00:00.000Z,"",true,"",1000000.0,""
NSR,BUILDER,Laundry,Reno/Alter/Add/Repair/Extension,2008-01-01T00:00:00.000Z,"",true,"",1000000.0,""
NSR,BUILDER,Other,Reno/Alter/Add/Repair/Extension,2008-01-01T00:00:00.000Z,"",true,"",1000000.0,""
NSR,BUILDER,Painting,Reno/Alter/Add/Repair/Extension,2016-10-27T14:00:00.000Z,2016-12-01T13:59:59.000Z,false,20000.0,1000000.0,""
NSR,BUILDER,Painting,Reno/Alter/Add/Repair/Extension,2016-12-01T14:00:00.000Z,"",false,1.0E10,200000.0,""
NSR,BUILDER,Prefab or Existing,Reno/Alter/Add/Repair/Extension,2008-01-01T00:00:00.000Z,"",true,"",1000000.0,""
NSR,BUILDER,Rendering,Reno/Alter/Add/Repair/Extension,2016-12-01T14:00:00.000Z,"",false,1.0E10,200000.0,""
NSR,BUILDER,Solid Plastering,Reno/Alter/Add/Repair/Extension,2016-12-01T14:00:00.000Z,"",false,1.0E10,200000.0,""
NSR,BUILDER,Tiling,Reno/Alter/Add/Repair/Extension,2008-01-01T00:00:00.000Z,"",true,"",1000000.0,""
NSR,BUILDER,Work for Body Corporate,Reno/Alter/Add/Repair/Extension,2008-01-01T00:00:00.000Z,"",false,20000.0,1000000.0,""
RM,BUILDER,Bathroom,Reno/Alter/Add/Repair/Extension,2008-01-01T00:00:00.000Z,"",true,"",1000000.0,Can include a separate toilet room (powder room) or ensuite.
RM,BUILDER,Kitchen,Reno/Alter/Add/Repair/Extension,2008-01-01T00:00:00.000Z,"",true,"",1000000.0,""
RM,BUILDER,Laundry,Reno/Alter/Add/Repair/Extension,2008-01-01T00:00:00.000Z,"",true,"",1000000.0,""
RM,BUILDER,Other,Reno/Alter/Add/Repair/Extension,2008-01-01T00:00:00.000Z,"",true,"",1000000.0,""
RM,BUILDER,Painting,Reno/Alter/Add/Repair/Extension,2016-10-27T14:00:00.000Z,2016-12-01T13:59:59.000Z,false,20000.0,1000000.0,""
RM,BUILDER,Painting,Reno/Alter/Add/Repair/Extension,2016-12-01T14:00:00.000Z,"",false,1.0E10,200000.0,""
RM,BUILDER,Rendering,Reno/Alter/Add/Repair/Extension,2016-12-01T14:00:00.000Z,"",false,1.0E10,200000.0,""
RM,BUILDER,Solid Plastering,Reno/Alter/Add/Repair/Extension,2016-12-01T14:00:00.000Z,"",false,1.0E10,200000.0,""
RM,BUILDER,Tiling,Reno/Alter/Add/Repair/Extension,2008-01-01T00:00:00.000Z,"",true,"",1000000.0,""
RM,BUILDER,Work for Body Corporate,Reno/Alter/Add/Repair/Extension,2008-01-01T00:00:00.000Z,"",false,20000.0,1000000.0,""
RR,BUILDER,Bathroom,Reno/Alter/Add/Repair/Extension,2008-01-01T00:00:00.000Z,"",true,"",1000000.0,Can include a separate toilet room (powder room) or ensuite.
RR,BUILDER,Carport,Reno/Alter/Add/Repair/Extension,2008-01-01T00:00:00.000Z,"",true,"",1000000.0,"Is a fixed structure on the site of a residence or proposed residence, is for residential use and has a roof that is impervious to water and wind."
RR,BUILDER,Deck,Reno/Alter/Add/Repair/Extension,2008-01-01T00:00:00.000Z,"",true,"",1000000.0,"Is a fixed structure attached to a residence, or if not attached to a residence has a roof that is impervious to water and wind."
RR,BUILDER,Deck,Reno/Alter/Add/Repair/Extension,2008-01-01T00:00:00.000Z,"",true,"",1000000.0,"Is a fixed structure attached to a residence, or if not attached to a residence has a roof that is impervious to water and wind."
RR,BUILDER,Garage,Reno/Alter/Add/Repair/Extension,2008-01-01T00:00:00.000Z,"",true,"",1000000.0,"Is a fixed structure on the site of a residence or proposed residence, is for residential use and has a roof that is impervious to water and wind."
RR,BUILDER,Kitchen,Reno/Alter/Add/Repair/Extension,2008-01-01T00:00:00.000Z,"",true,"",1000000.0,""
RR,BUILDER,Laundry,Reno/Alter/Add/Repair/Extension,2008-01-01T00:00:00.000Z,"",true,"",1000000.0,""
RR,BUILDER,Other,Reno/Alter/Add/Repair/Extension,2008-01-01T00:00:00.000Z,"",true,"",1000000.0,""
RR,BUILDER,Painting,Reno/Alter/Add/Repair/Extension,2016-10-27T14:00:00.000Z,2016-12-01T13:59:59.000Z,false,20000.0,1000000.0,""
RR,BUILDER,Painting,Reno/Alter/Add/Repair/Extension,2016-12-01T14:00:00.000Z,"",false,1.0E10,200000.0,""
RR,BUILDER,Patio or Pergola,Reno/Alter/Add/Repair/Extension,2008-01-01T00:00:00.000Z,"",true,"",1000000.0,"Is a fixed structure attached to a residence, or if not attached to a residence has a roof that is impervious to water and wind."
RR,BUILDER,Patio or Pergola,Reno/Alter/Add/Repair/Extension,2008-01-01T00:00:00.000Z,"",true,"",1000000.0,"Is a fixed structure attached to a residence, or if not attached to a residence has a roof that is impervious to water and wind."
RR,BUILDER,Raise & Restump,Reno/Alter/Add/Repair/Extension,2018-04-18T01:25:00.000Z,"",true,"",1000000.0,""
RR,BUILDER,Rendering,Reno/Alter/Add/Repair/Extension,2016-12-01T14:00:00.000Z,"",false,1.0E10,200000.0,""
RR,BUILDER,Shed,Reno/Alter/Add/Repair/Extension,2008-01-01T00:00:00.000Z,"",true,"",1000000.0,"Is a fixed structure on the site of a residence or proposed residence, is not used, or intended to be used for agricultural or pastoral purposes; and is not on land used wholly or primarily for agricultural or pastoral purposes."
RR,BUILDER,Solid Plastering,Reno/Alter/Add/Repair/Extension,2016-12-01T14:00:00.000Z,"",false,1.0E10,200000.0,""
RR,BUILDER,Tiling,Reno/Alter/Add/Repair/Extension,2008-01-01T00:00:00.000Z,"",true,"",1000000.0,""
RR,BUILDER,Work for Body Corporate,Reno/Alter/Add/Repair/Extension,2008-01-01T00:00:00.000Z,"",false,20000.0,1000000.0,""
RRW,BUILDER,Bathroom,Reno/Alter/Add/Repair/Extension,2008-01-01T00:00:00.000Z,"",true,"",1000000.0,Can include a separate toilet room (powder room) or ensuite.
RRW,BUILDER,Kitchen,Reno/Alter/Add/Repair/Extension,2008-01-01T00:00:00.000Z,"",true,"",1000000.0,""
RRW,BUILDER,Laundry,Reno/Alter/Add/Repair/Extension,2008-01-01T00:00:00.000Z,"",true,"",1000000.0,""
RRW,BUILDER,Other,Reno/Alter/Add/Repair/Extension,2008-01-01T00:00:00.000Z,"",true,"",1000000.0,""
RRW,BUILDER,Prefab or Existing,Reno/Alter/Add/Repair/Extension,2008-01-01T00:00:00.000Z,"",true,"",1000000.0,""
RRW,BUILDER,Tiling,Reno/Alter/Add/Repair/Extension,2008-01-01T00:00:00.000Z,"",true,"",1000000.0,""
RRW,BUILDER,Waterproofing,Reno/Alter/Add/Repair/Extension,2008-01-01T00:00:00.000Z,"",true,"",1000000.0,""
RRW,BUILDER,Work for Body Corporate,Reno/Alter/Add/Repair/Extension,2008-01-01T00:00:00.000Z,"",false,20000.0,1000000.0,""
BBL,CONTRACTOR,Carport,Reno/Alter/Add/Repair/Extension,2008-01-01T00:00:00.000Z,"",true,"",1000000.0,"Is a fixed structure on the site of a residence or proposed residence, is for residential use and has a roof that is impervious to water and wind."
BBL,CONTRACTOR,External Stairs or Ramps,Reno/Alter/Add/Repair/Extension,2008-01-01T00:00:00.000Z,"",true,"",1000000.0,""
BBL,CONTRACTOR,Garage,Reno/Alter/Add/Repair/Extension,2008-01-01T00:00:00.000Z,"",true,"",1000000.0,"Is a fixed structure on the site of a residence or proposed residence, is for residential use and has a roof that is impervious to water and wind."
BBL,CONTRACTOR,Other,Reno/Alter/Add/Repair/Extension,2008-01-01T00:00:00.000Z,"",true,"",1000000.0,""
BBL,CONTRACTOR,Prefab or Existing,Reno/Alter/Add/Repair/Extension,2008-01-01T00:00:00.000Z,"",true,"",1000000.0,""
BBL,CONTRACTOR,Raise & Restump,Reno/Alter/Add/Repair/Extension,2008-01-01T00:00:00.000Z,"",true,"",1000000.0,""
BBL,CONTRACTOR,Shed,Reno/Alter/Add/Repair/Extension,2008-01-01T00:00:00.000Z,"",true,"",1000000.0,"Is a fixed structure on the site of a residence or proposed residence, is not used, or intended to be used for agricultural or pastoral purposes; and is not on land used wholly or primarily for agricultural or pastoral purposes."
BBL,CONTRACTOR,Work for Body Corporate,Reno/Alter/Add/Repair/Extension,2008-01-01T00:00:00.000Z,"",false,20000.0,1000000.0,""
BLB,CONTRACTOR,Carport,Reno/Alter/Add/Repair/Extension,2008-01-01T00:00:00.000Z,"",true,"",1000000.0,"Is a fixed structure on the site of a residence or proposed residence, is for residential use and has a roof that is impervious to water and wind."
BLB,CONTRACTOR,Deck,Reno/Alter/Add/Repair/Extension,2008-01-01T00:00:00.000Z,"",true,"",1000000.0,"Is a fixed structure attached to a residence, or if not attached to a residence has a roof that is impervious to water and wind."
BLB,CONTRACTOR,Garage,Reno/Alter/Add/Repair/Extension,2008-01-01T00:00:00.000Z,"",true,"",1000000.0,"Is a fixed structure on the site of a residence or proposed residence, is for residential use and has a roof that is impervious to water and wind."
BLB,CONTRACTOR,Other,Reno/Alter/Add/Repair/Extension,2008-01-01T00:00:00.000Z,"",true,"",1000000.0,""
BLB,CONTRACTOR,Patio or Pergola,Reno/Alter/Add/Repair/Extension,2008-01-01T00:00:00.000Z,"",true,"",1000000.0,"Is a fixed structure attached to a residence, or if not attached to a residence has a roof that is impervious to water and wind."
BLB,CONTRACTOR,Prefab or Existing,Reno/Alter/Add/Repair/Extension,2008-01-01T00:00:00.000Z,"",true,"",1000000.0,""
BLB,CONTRACTOR,Raise & Restump,Reno/Alter/Add/Repair/Extension,2008-01-01T00:00:00.000Z,"",true,"",1000000.0,""
BLB,CONTRACTOR,Shed,Reno/Alter/Add/Repair/Extension,2008-01-01T00:00:00.000Z,"",true,"",1000000.0,"Is a fixed structure on the site of a residence or proposed residence, is not used, or intended to be used for agricultural or pastoral purposes; and is not on land used wholly or primarily for agricultural or pastoral purposes."
BLB,CONTRACTOR,Work for Body Corporate,Reno/Alter/Add/Repair/Extension,2008-01-01T00:00:00.000Z,"",false,20000.0,1000000.0,""
BSP,CONTRACTOR,Deck,Reno/Alter/Add/Repair/Extension,2008-01-01T00:00:00.000Z,"",true,"",1000000.0,"Is a fixed structure attached to a residence, or if not attached to a residence has a roof that is impervious to water and wind."
BSP,CONTRACTOR,External Stairs or Ramps,Reno/Alter/Add/Repair/Extension,2008-01-01T00:00:00.000Z,"",true,"",1000000.0,""
BSP,CONTRACTOR,Other,Reno/Alter/Add/Repair/Extension,2008-01-01T00:00:00.000Z,"",true,"",1000000.0,""
BSP,CONTRACTOR,Patio or Pergola,Reno/Alter/Add/Repair/Extension,2008-01-01T00:00:00.000Z,"",true,"",1000000.0,"Is a fixed structure attached to a residence, or if not attached to a residence has a roof that is impervious to water and wind."
BSP,CONTRACTOR,Prefab or Existing,Reno/Alter/Add/Repair/Extension,2008-01-01T00:00:00.000Z,"",true,"",1000000.0,""
BSP,CONTRACTOR,Work for Body Corporate,Reno/Alter/Add/Repair/Extension,2008-01-01T00:00:00.000Z,"",false,20000.0,1000000.0,""
CJF,CONTRACTOR,Carport,Reno/Alter/Add/Repair/Extension,2008-01-01T00:00:00.000Z,"",true,"",1000000.0,"Is a fixed structure on the site of a residence or proposed residence, is for residential use and has a roof that is impervious to water and wind."
CJF,CONTRACTOR,Deck,Reno/Alter/Add/Repair/Extension,2008-01-01T00:00:00.000Z,"",true,"",1000000.0,"Is a fixed structure attached to a residence, or if not attached to a residence has a roof that is impervious to water and wind."
CJF,CONTRACTOR,Garage,Reno/Alter/Add/Repair/Extension,2008-01-01T00:00:00.000Z,"",true,"",1000000.0,"Is a fixed structure on the site of a residence or proposed residence, is for residential use and has a roof that is impervious to water and wind."
CJF,CONTRACTOR,Other,Reno/Alter/Add/Repair/Extension,2008-01-01T00:00:00.000Z,"",true,"",1000000.0,""
CJF,CONTRACTOR,Patio or Pergola,Reno/Alter/Add/Repair/Extension,2008-01-01T00:00:00.000Z,"",true,"",1000000.0,"Is a fixed structure attached to a residence, or if not attached to a residence has a roof that is impervious to water and wind."
CJF,CONTRACTOR,Prefab or Existing,Reno/Alter/Add/Repair/Extension,2008-01-01T00:00:00.000Z,"",true,"",1000000.0,""
CJF,CONTRACTOR,Raise & Restump,Reno/Alter/Add/Repair/Extension,2008-01-01T00:00:00.000Z,"",true,"",1000000.0,""
CJF,CONTRACTOR,Shed,Reno/Alter/Add/Repair/Extension,2008-01-01T00:00:00.000Z,"",true,"",1000000.0,"Is a fixed structure on the site of a residence or proposed residence, is not used, or intended to be used for agricultural or pastoral purposes; and is not on land used wholly or primarily for agricultural or pastoral purposes."
CJF,CONTRACTOR,Work for Body Corporate,Reno/Alter/Add/Repair/Extension,2008-01-01T00:00:00.000Z,"",false,20000.0,1000000.0,""
CJI,CONTRACTOR,Bathroom,Reno/Alter/Add/Repair/Extension,2008-01-01T00:00:00.000Z,"",true,"",1000000.0,Can include a separate toilet room (powder room) or ensuite.
CJI,CONTRACTOR,Kitchen,Reno/Alter/Add/Repair/Extension,2008-01-01T00:00:00.000Z,"",true,"",1000000.0,""
CJI,CONTRACTOR,Laundry,Reno/Alter/Add/Repair/Extension,2008-01-01T00:00:00.000Z,"",true,"",1000000.0,""
CJI,CONTRACTOR,Other,Reno/Alter/Add/Repair/Extension,2008-01-01T00:00:00.000Z,"",true,"",1000000.0,""
CJI,CONTRACTOR,Plastering,Reno/Alter/Add/Repair/Extension,2016-12-01T14:00:00.000Z,"",false,1.0E10,200000.0,""
CJL,CONTRACTOR,Carport,Reno/Alter/Add/Repair/Extension,2008-01-01T00:00:00.000Z,"",true,"",1000000.0,"Is a fixed structure on the site of a residence or proposed residence, is for residential use and has a roof that is impervious to water and wind."
CJL,CONTRACTOR,Garage,Reno/Alter/Add/Repair/Extension,2008-01-01T00:00:00.000Z,"",true,"",1000000.0,"Is a fixed structure on the site of a residence or proposed residence, is for residential use and has a roof that is impervious to water and wind."
CJL,CONTRACTOR,Other,Reno/Alter/Add/Repair/Extension,2008-01-01T00:00:00.000Z,"",true,"",1000000.0,""
CJL,CONTRACTOR,Shed,Reno/Alter/Add/Repair/Extension,2008-01-01T00:00:00.000Z,"",true,"",1000000.0,"Is a fixed structure on the site of a residence or proposed residence, is not used, or intended to be used for agricultural or pastoral purposes; and is not on land used wholly or primarily for agricultural or pastoral purposes."
CJL,CONTRACTOR,Work for Body Corporate,Reno/Alter/Add/Repair/Extension,2008-01-01T00:00:00.000Z,"",false,20000.0,1000000.0,""
CJO,CONTRACTOR,Carport,Reno/Alter/Add/Repair/Extension,2008-01-01T00:00:00.000Z,"",true,"",1000000.0,"Is a fixed structure on the site of a residence or proposed residence, is for residential use and has a roof that is impervious to water and wind."
CJO,CONTRACTOR,Deck,Reno/Alter/Add/Repair/Extension,2008-01-01T00:00:00.000Z,"",true,"",1000000.0,"Is a fixed structure attached to a residence, or if not attached to a residence has a roof that is impervious to water and wind."
CJO,CONTRACTOR,Garage,Reno/Alter/Add/Repair/Extension,2008-01-01T00:00:00.000Z,"",true,"",1000000.0,"Is a fixed structure on the site of a residence or proposed residence, is for residential use and has a roof that is impervious to water and wind."
CJO,CONTRACTOR,Other,Reno/Alter/Add/Repair/Extension,2008-01-01T00:00:00.000Z,"",true,"",1000000.0,""
CJO,CONTRACTOR,Patio or Pergola,Reno/Alter/Add/Repair/Extension,2008-01-01T00:00:00.000Z,"",true,"",1000000.0,"Is a fixed structure attached to a residence, or if not attached to a residence has a roof that is impervious to water and wind."
CJO,CONTRACTOR,Shed,Reno/Alter/Add/Repair/Extension,2008-01-01T00:00:00.000Z,"",true,"",1000000.0,"Is a fixed structure on the site of a residence or proposed residence, is not used, or intended to be used for agricultural or pastoral purposes; and is not on land used wholly or primarily for agricultural or pastoral purposes."
CJO,CONTRACTOR,Work for Body Corporate,Reno/Alter/Add/Repair/Extension,2008-01-01T00:00:00.000Z,"",false,20000.0,1000000.0,""
CM,CONTRACTOR,Bathroom,Reno/Alter/Add/Repair/Extension,2008-01-01T00:00:00.000Z,"",true,"",1000000.0,""
CM,CONTRACTOR,Kitchen,Reno/Alter/Add/Repair/Extension,2008-01-01T00:00:00.000Z,"",true,"",1000000.0,""
CM,CONTRACTOR,Laundry,Reno/Alter/Add/Repair/Extension,2008-01-01T00:00:00.000Z,"",true,"",1000000.0,""
CM,CONTRACTOR,Other,Reno/Alter/Add/Repair/Extension,2008-01-01T00:00:00.000Z,"",true,"",1000000.0,""
CM,CONTRACTOR,Work for Body Corporate,Reno/Alter/Add/Repair/Extension,2008-01-01T00:00:00.000Z,"",false,20000.0,1000000.0,""
COL,CONTRACTOR,Carport,Reno/Alter/Add/Repair/Extension,2008-01-01T00:00:00.000Z,"",true,"",1000000.0,"Is a fixed structure on the site of a residence or proposed residence, is for residential use and has a roof that is impervious to water and wind."
COL,CONTRACTOR,Deck,Reno/Alter/Add/Repair/Extension,2008-01-01T00:00:00.000Z,"",true,"",1000000.0,"Is a fixed structure attached to a residence, or if not attached to a residence has a roof that is impervious to water and wind."
COL,CONTRACTOR,External Stairs or Ramps,Reno/Alter/Add/Repair/Extension,2008-01-01T00:00:00.000Z,"",true,"",1000000.0,""
COL,CONTRACTOR,Garage,Reno/Alter/Add/Repair/Extension,2008-01-01T00:00:00.000Z,"",true,"",1000000.0,"Is a fixed structure on the site of a residence or proposed residence, is for residential use and has a roof that is impervious to water and wind."
COL,CONTRACTOR,Other,Reno/Alter/Add/Repair/Extension,2008-01-01T00:00:00.000Z,"",true,"",1000000.0,""
COL,CONTRACTOR,Patio or Pergola,Reno/Alter/Add/Repair/Extension,2008-01-01T00:00:00.000Z,"",true,"",1000000.0,"Is a fixed structure attached to a residence, or if not attached to a residence has a roof that is impervious to water and wind."
COL,CONTRACTOR,Shed,Reno/Alter/Add/Repair/Extension,2008-01-01T00:00:00.000Z,"",true,"",1000000.0,"Is a fixed structure on the site of a residence or proposed residence, is not used, or intended to be used for agricultural or pastoral purposes; and is not on land used wholly or primarily for agricultural or pastoral purposes."
COL,CONTRACTOR,Work for Body Corporate,Reno/Alter/Add/Repair/Extension,2008-01-01T00:00:00.000Z,"",false,20000.0,1000000.0,""
CON,CONTRACTOR,Carport,Reno/Alter/Add/Repair/Extension,2008-01-01T00:00:00.000Z,"",true,"",1000000.0,"Is a fixed structure on the site of a residence or proposed residence, is for residential use and has a roof that is impervious to water and wind."
CON,CONTRACTOR,Deck,Reno/Alter/Add/Repair/Extension,2008-01-01T00:00:00.000Z,"",true,"",1000000.0,"Is a fixed structure attached to a residence, or if not attached to a residence has a roof that is impervious to water and wind."
CON,CONTRACTOR,External Stairs or Ramps,Reno/Alter/Add/Repair/Extension,2008-01-01T00:00:00.000Z,"",true,"",1000000.0,""
CON,CONTRACTOR,Garage,Reno/Alter/Add/Repair/Extension,2008-01-01T00:00:00.000Z,"",true,"",1000000.0,"Is a fixed structure on the site of a residence or proposed residence, is for residential use and has a roof that is impervious to water and wind."
CON,CONTRACTOR,Other,Reno/Alter/Add/Repair/Extension,2008-01-01T00:00:00.000Z,"",true,"",1000000.0,""
CON,CONTRACTOR,Patio or Pergola,Reno/Alter/Add/Repair/Extension,2008-01-01T00:00:00.000Z,"",true,"",1000000.0,"Is a fixed structure attached to a residence, or if not attached to a residence has a roof that is impervious to water and wind."
CON,CONTRACTOR,Rendering,Reno/Alter/Add/Repair/Extension,2016-12-01T14:00:00.000Z,"",false,1.0E10,200000.0,""
CON,CONTRACTOR,Shed,Reno/Alter/Add/Repair/Extension,2008-01-01T00:00:00.000Z,"",true,"",1000000.0,"Is a fixed structure on the site of a residence or proposed residence, is not used, or intended to be used for agricultural or pastoral purposes; and is not on land used wholly or primarily for agricultural or pastoral purposes."
CON,CONTRACTOR,Work for Body Corporate,Reno/Alter/Add/Repair/Extension,2008-01-01T00:00:00.000Z,"",false,20000.0,1000000.0,""
COU,CONTRACTOR,Carport,Reno/Alter/Add/Repair/Extension,2008-01-01T00:00:00.000Z,"",true,"",1000000.0,"Is a fixed structure on the site of a residence or proposed residence, is for residential use and has a roof that is impervious to water and wind."
COU,CONTRACTOR,Deck,Reno/Alter/Add/Repair/Extension,2008-01-01T00:00:00.000Z,"",true,"",1000000.0,"Is a fixed structure attached to a residence, or if not attached to a residence has a roof that is impervious to water and wind."
COU,CONTRACTOR,External Stairs or Ramps,Reno/Alter/Add/Repair/Extension,2008-01-01T00:00:00.000Z,"",true,"",1000000.0,""
COU,CONTRACTOR,Footings or Slab work,Reno/Alter/Add/Repair/Extension,2016-12-01T14:00:00.000Z,"",true,"",1000000.0,""
COU,CONTRACTOR,Garage,Reno/Alter/Add/Repair/Extension,2008-01-01T00:00:00.000Z,"",true,"",1000000.0,"Is a fixed structure on the site of a residence or proposed residence, is for residential use and has a roof that is impervious to water and wind."
COU,CONTRACTOR,Other,Reno/Alter/Add/Repair/Extension,2008-01-01T00:00:00.000Z,"",true,"",1000000.0,""
COU,CONTRACTOR,Patio or Pergola,Reno/Alter/Add/Repair/Extension,2008-01-01T00:00:00.000Z,"",true,"",1000000.0,"Is a fixed structure attached to a residence, or if not attached to a residence has a roof that is impervious to water and wind."
COU,CONTRACTOR,Prefab or Existing,Reno/Alter/Add/Repair/Extension,2008-01-01T00:00:00.000Z,"",true,"",1000000.0,""
COU,CONTRACTOR,Raise & Restump,Reno/Alter/Add/Repair/Extension,2008-01-01T00:00:00.000Z,"",true,"",1000000.0,""
COU,CONTRACTOR,"Raise, Restump & Build in",Reno/Alter/Add/Repair/Extension,2008-01-01T00:00:00.000Z,"",true,"",1000000.0,""
COU,CONTRACTOR,Shed,Reno/Alter/Add/Repair/Extension,2008-01-01T00:00:00.000Z,"",true,"",1000000.0,"Is a fixed structure on the site of a residence or proposed residence, is not used, or intended to be used for agricultural or pastoral purposes; and is not on land used wholly or primarily for agricultural or pastoral purposes."
COU,CONTRACTOR,Work for Body Corporate,Reno/Alter/Add/Repair/Extension,2008-01-01T00:00:00.000Z,"",false,20000.0,1000000.0,""
CP,CONTRACTOR,Bathroom,Reno/Alter/Add/Repair/Extension,2008-01-01T00:00:00.000Z,"",true,"",1000000.0,Can include a separate toilet room (powder room) or ensuite.
CP,CONTRACTOR,Carport,Reno/Alter/Add/Repair/Extension,2008-01-01T00:00:00.000Z,"",true,"",1000000.0,"Is a fixed structure on the site of a residence or proposed residence, is for residential use and has a roof that is impervious to water and wind."
CP,CONTRACTOR,Deck,Reno/Alter/Add/Repair/Extension,2008-01-01T00:00:00.000Z,"",true,"",1000000.0,"Is a fixed structure attached to a residence, or if not attached to a residence has a roof that is impervious to water and wind."
CP,CONTRACTOR,External Stairs or Ramps,Reno/Alter/Add/Repair/Extension,2008-01-01T00:00:00.000Z,"",true,"",1000000.0,""
CP,CONTRACTOR,Garage,Reno/Alter/Add/Repair/Extension,2008-01-01T00:00:00.000Z,"",true,"",1000000.0,"Is a fixed structure on the site of a residence or proposed residence, is for residential use and has a roof that is impervious to water and wind."
CP,CONTRACTOR,Kitchen,Reno/Alter/Add/Repair/Extension,2008-01-01T00:00:00.000Z,"",true,"",1000000.0,""
CP,CONTRACTOR,Laundry,Reno/Alter/Add/Repair/Extension,2008-01-01T00:00:00.000Z,"",true,"",1000000.0,""
CP,CONTRACTOR,Other,Reno/Alter/Add/Repair/Extension,2008-01-01T00:00:00.000Z,"",true,"",1000000.0,"Residential property on residential land, not in a caravan park, hotel, holiday accommodation, prison, school or retirement village. Is not for work performed under an Owner Builder permit."
CP,CONTRACTOR,Painting,Reno/Alter/Add/Repair/Extension,2016-10-27T14:00:00.000Z,2016-12-01T13:59:59.000Z,false,20000.0,1000000.0,""
CP,CONTRACTOR,Painting,Reno/Alter/Add/Repair/Extension,2016-12-01T14:00:00.000Z,"",false,1.0E10,200000.0,""
CP,CONTRACTOR,Patio or Pergola,Reno/Alter/Add/Repair/Extension,2008-01-01T00:00:00.000Z,"",true,"",1000000.0,"Is a fixed structure attached to a residence, or if not attached to a residence has a roof that is impervious to water and wind."
CP,CONTRACTOR,Rendering,Reno/Alter/Add/Repair/Extension,2016-12-01T14:00:00.000Z,"",false,1.0E10,200000.0,""
CP,CONTRACTOR,Roof Replacement & Repair,Reno/Alter/Add/Repair/Extension,2008-01-01T00:00:00.000Z,"",false,5000.0,1000000.0,""
CP,CONTRACTOR,Shed,Reno/Alter/Add/Repair/Extension,2008-01-01T00:00:00.000Z,"",true,"",1000000.0,"Is a fixed structure on the site of a residence or proposed residence, is not used, or intended to be used for agricultural or pastoral purposes; and is not on land used wholly or primarily for agricultural or pastoral purposes."
CP,CONTRACTOR,Solid Plastering,Reno/Alter/Add/Repair/Extension,2016-12-01T14:00:00.000Z,"",false,1.0E10,200000.0,""
CP,CONTRACTOR,Work for Body Corporate,Reno/Alter/Add/Repair/Extension,2008-01-01T00:00:00.000Z,"",false,20000.0,1000000.0,""
DN,CONTRACTOR,Other,Reno/Alter/Add/Repair/Extension,2008-01-01T00:00:00.000Z,"",true,"",1000000.0,""
DN,CONTRACTOR,Prefab or Existing,Reno/Alter/Add/Repair/Extension,2008-01-01T00:00:00.000Z,"",true,"",1000000.0,""
FCCK,CONTRACTOR,Other,Reno/Alter/Add/Repair/Extension,2008-01-01T00:00:00.000Z,"",true,"",1000000.0,""
FCCK,CONTRACTOR,Prefab or Existing,Reno/Alter/Add/Repair/Extension,2008-01-01T00:00:00.000Z,"",true,"",1000000.0,""
FCCK,CONTRACTOR,Work for Body Corporate,Reno/Alter/Add/Repair/Extension,2008-01-01T00:00:00.000Z,"",false,20000.0,1000000.0,""
FCHS,CONTRACTOR,Other,Reno/Alter/Add/Repair/Extension,2008-01-01T00:00:00.000Z,"",true,"",1000000.0,""
FCHS,CONTRACTOR,Prefab or Existing,Reno/Alter/Add/Repair/Extension,2008-01-01T00:00:00.000Z,"",true,"",1000000.0,""
FCHS,CONTRACTOR,Work for Body Corporate,Reno/Alter/Add/Repair/Extension,2008-01-01T00:00:00.000Z,"",false,20000.0,1000000.0,""
FCIS,CONTRACTOR,Other,Reno/Alter/Add/Repair/Extension,2008-01-01T00:00:00.000Z,"",true,"",1000000.0,""
FCIS,CONTRACTOR,Prefab or Existing,Reno/Alter/Add/Repair/Extension,2008-01-01T00:00:00.000Z,"",true,"",1000000.0,""
FCIS,CONTRACTOR,Work for Body Corporate,Reno/Alter/Add/Repair/Extension,2008-01-01T00:00:00.000Z,"",false,20000.0,1000000.0,""
FCP,CONTRACTOR,Other,Reno/Alter/Add/Repair/Extension,2008-01-01T00:00:00.000Z,"",true,"",1000000.0,""
FCP,CONTRACTOR,Prefab or Existing,Reno/Alter/Add/Repair/Extension,2008-01-01T00:00:00.000Z,"",true,"",1000000.0,""
FCP,CONTRACTOR,Work for Body Corporate,Reno/Alter/Add/Repair/Extension,2008-01-01T00:00:00.000Z,"",false,20000.0,1000000.0,""
FCT,CONTRACTOR,Other,Reno/Alter/Add/Repair/Extension,2008-01-01T00:00:00.000Z,"",true,"",1000000.0,""
FCT,CONTRACTOR,Prefab or Existing,Reno/Alter/Add/Repair/Extension,2008-01-01T00:00:00.000Z,"",true,"",1000000.0,""
FCT,CONTRACTOR,Work for Body Corporate,Reno/Alter/Add/Repair/Extension,2008-01-01T00:00:00.000Z,"",false,20000.0,1000000.0,""
FEAIM,CONTRACTOR,Fire Protection Work,Reno/Alter/Add/Repair/Extension,2021-04-30T14:00:00.000Z,"",false,1.0E10,200000.0,""
FFDS,CONTRACTOR,Fire Protection Work,Reno/Alter/Add/Repair/Extension,2016-12-01T14:00:00.000Z,"",false,1.0E10,200000.0,""
FFEL,CONTRACTOR,Fire Protection Work,Reno/Alter/Add/Repair/Extension,2016-12-01T14:00:00.000Z,"",false,1.0E10,200000.0,""
FFFD,CONTRACTOR,Fire Protection Work,Reno/Alter/Add/Repair/Extension,2016-12-01T14:00:00.000Z,"",false,1.0E10,200000.0,""
FFHH,CONTRACTOR,Fire Protection Work,Reno/Alter/Add/Repair/Extension,2016-12-01T14:00:00.000Z,"",false,1.0E10,200000.0,""
FFPE,CONTRACTOR,Fire Protection Work,Reno/Alter/Add/Repair/Extension,2016-12-01T14:00:00.000Z,"",false,1.0E10,200000.0,""
FFPJ,CONTRACTOR,Fire Protection Work,Reno/Alter/Add/Repair/Extension,2016-12-01T14:00:00.000Z,"",false,1.0E10,200000.0,""
FFPS,CONTRACTOR,Fire Protection Work,Reno/Alter/Add/Repair/Extension,2016-12-01T14:00:00.000Z,"",false,1.0E10,200000.0,""
FFSH,CONTRACTOR,Fire Protection Work,Reno/Alter/Add/Repair/Extension,2016-12-01T14:00:00.000Z,"",false,1.0E10,200000.0,""
FFSS,CONTRACTOR,Fire Protection Work,Reno/Alter/Add/Repair/Extension,2016-12-01T14:00:00.000Z,"",false,1.0E10,200000.0,""
FPSDIM,CONTRACTOR,Fire Protection Work,Reno/Alter/Add/Repair/Extension,2021-04-30T14:00:00.000Z,"",false,1.0E10,200000.0,""
FPTIM,CONTRACTOR,Fire Protection Work,Reno/Alter/Add/Repair/Extension,2021-04-30T14:00:00.000Z,"",false,1.0E10,200000.0,""
FSHIM,CONTRACTOR,Fire Protection Work,Reno/Alter/Add/Repair/Extension,2021-04-30T14:00:00.000Z,"",false,1.0E10,200000.0,""
FW,CONTRACTOR,Carport,Reno/Alter/Add/Repair/Extension,2008-01-01T00:00:00.000Z,"",true,"",1000000.0,"Is a fixed structure on the site of a residence or proposed residence, is for residential use and has a roof that is impervious to water and wind."
FW,CONTRACTOR,Deck,Reno/Alter/Add/Repair/Extension,2008-01-01T00:00:00.000Z,"",true,"",1000000.0,"Is a fixed structure attached to a residence, or if not attached to a residence has a roof that is impervious to water and wind."
FW,CONTRACTOR,Footings or Slab work,Reno/Alter/Add/Repair/Extension,2016-12-01T14:00:00.000Z,"",true,"",1000000.0,""
FW,CONTRACTOR,Garage,Reno/Alter/Add/Repair/Extension,2008-01-01T00:00:00.000Z,"",true,"",1000000.0,"Is a fixed structure on the site of a residence or proposed residence, is for residential use and has a roof that is impervious to water and wind."
FW,CONTRACTOR,Other,Reno/Alter/Add/Repair/Extension,2008-01-01T00:00:00.000Z,"",true,"",1000000.0,""
FW,CONTRACTOR,Patio or Pergola,Reno/Alter/Add/Repair/Extension,2008-01-01T00:00:00.000Z,"",true,"",1000000.0,"Is a fixed structure attached to a residence, or if not attached to a residence has a roof that is impervious to water and wind."
FW,CONTRACTOR,Prefab or Existing,Reno/Alter/Add/Repair/Extension,2008-01-01T00:00:00.000Z,"",true,"",1000000.0,""
FW,CONTRACTOR,Raise & Restump,Reno/Alter/Add/Repair/Extension,2008-01-01T00:00:00.000Z,"",true,"",1000000.0,""
FW,CONTRACTOR,"Raise, Restump & Build in",Reno/Alter/Add/Repair/Extension,2008-01-01T00:00:00.000Z,"",true,"",1000000.0,""
FW,CONTRACTOR,Shed,Reno/Alter/Add/Repair/Extension,2008-01-01T00:00:00.000Z,"",true,"",1000000.0,"Is a fixed structure on the site of a residence or proposed residence, is not used, or intended to be used for agricultural or pastoral purposes; and is not on land used wholly or primarily for agricultural or pastoral purposes."
FW,CONTRACTOR,Work for Body Corporate,Reno/Alter/Add/Repair/Extension,2008-01-01T00:00:00.000Z,"",false,20000.0,1000000.0,""
FWCIIM,CONTRACTOR,Fire Protection Work,Reno/Alter/Add/Repair/Extension,2021-04-30T14:00:00.000Z,"",false,1.0E10,200000.0,""
FWDRIM,CONTRACTOR,Fire Protection Work,Reno/Alter/Add/Repair/Extension,2021-04-30T14:00:00.000Z,"",false,1.0E10,200000.0,""
FWIM,CONTRACTOR,Fire Protection Work,Reno/Alter/Add/Repair/Extension,2021-04-30T14:00:00.000Z,"",false,1.0E10,200000.0,""
GFT,CONTRACTOR,Bathroom,Reno/Alter/Add/Repair/Extension,2008-01-01T00:00:00.000Z,"",true,"",1000000.0,Can include a separate toilet room (powder room) or ensuite.
GFT,CONTRACTOR,Kitchen,Reno/Alter/Add/Repair/Extension,2008-01-01T00:00:00.000Z,"",true,"",1000000.0,""
GFT,CONTRACTOR,Laundry,Reno/Alter/Add/Repair/Extension,2008-01-01T00:00:00.000Z,"",true,"",1000000.0,""
GFT,CONTRACTOR,Other,Reno/Alter/Add/Repair/Extension,2008-01-01T00:00:00.000Z,"",true,"",1000000.0,""
GFT,CONTRACTOR,Prefab or Existing,Reno/Alter/Add/Repair/Extension,2008-01-01T00:00:00.000Z,"",true,"",1000000.0,""
GFT,CONTRACTOR,Work for Body Corporate,Reno/Alter/Add/Repair/Extension,2008-01-01T00:00:00.000Z,"",false,20000.0,1000000.0,""
GGA,CONTRACTOR,Other,Reno/Alter/Add/Repair/Extension,2008-01-01T00:00:00.000Z,"",true,"",1000000.0,""
GGA,CONTRACTOR,Roof Replacement & Repair,Reno/Alter/Add/Repair/Extension,2008-01-01T00:00:00.000Z,"",false,5000.0,1000000.0,""
GGA,CONTRACTOR,Work for Body Corporate,Reno/Alter/Add/Repair/Extension,2008-01-01T00:00:00.000Z,"",false,20000.0,1000000.0,""
JN,CONTRACTOR,Bathroom,Reno/Alter/Add/Repair/Extension,2008-01-01T00:00:00.000Z,"",true,"",1000000.0,Can include a separate toilet room (powder room) or ensuite.
JN,CONTRACTOR,Kitchen,Reno/Alter/Add/Repair/Extension,2008-01-01T00:00:00.000Z,"",true,"",1000000.0,""
JN,CONTRACTOR,Laundry,Reno/Alter/Add/Repair/Extension,2008-01-01T00:00:00.000Z,"",true,"",1000000.0,""
JN,CONTRACTOR,Other,Reno/Alter/Add/Repair/Extension,2008-01-01T00:00:00.000Z,"",true,"",1000000.0,""
JN,CONTRACTOR,Work for Body Corporate,Reno/Alter/Add/Repair/Extension,2008-01-01T00:00:00.000Z,"",false,20000.0,1000000.0,""
MFG,CONTRACTOR,Other,Reno/Alter/Add/Repair/Extension,2008-01-01T00:00:00.000Z,"",true,"",1000000.0,""
MFG,CONTRACTOR,Prefab or Existing,Reno/Alter/Add/Repair/Extension,2008-01-01T00:00:00.000Z,"",true,"",1000000.0,""
MFG,CONTRACTOR,Work for Body Corporate,Reno/Alter/Add/Repair/Extension,2008-01-01T00:00:00.000Z,"",false,20000.0,1000000.0,""
NSMF,CONTRACTOR,Other,Reno/Alter/Add/Repair/Extension,2008-01-01T00:00:00.000Z,"",true,"",1000000.0,""
NSMF,CONTRACTOR,Roof Replacement & Repair,Reno/Alter/Add/Repair/Extension,2008-01-01T00:00:00.000Z,"",false,5000.0,1000000.0,""
NSMF,CONTRACTOR,Work for Body Corporate,Reno/Alter/Add/Repair/Extension,2008-01-01T00:00:00.000Z,"",false,20000.0,1000000.0,""
PDN,CONTRACTOR,Bathroom,Reno/Alter/Add/Repair/Extension,2008-01-01T00:00:00.000Z,"",true,"",1000000.0,Can include a separate toilet room (powder room) or ensuite.
PDN,CONTRACTOR,Fire Protection Work,Reno/Alter/Add/Repair/Extension,2016-12-01T14:00:00.000Z,"",false,1.0E10,200000.0,""
PDN,CONTRACTOR,Kitchen,Reno/Alter/Add/Repair/Extension,2008-01-01T00:00:00.000Z,"",true,"",1000000.0,""
PDN,CONTRACTOR,Laundry,Reno/Alter/Add/Repair/Extension,2008-01-01T00:00:00.000Z,"",true,"",1000000.0,""
PDN,CONTRACTOR,Other,Reno/Alter/Add/Repair/Extension,2008-01-01T00:00:00.000Z,"",true,"",1000000.0,""
PDN,CONTRACTOR,Roof Replacement & Repair,Reno/Alter/Add/Repair/Extension,2008-01-01T00:00:00.000Z,"",false,5000.0,1000000.0,""
PDN,CONTRACTOR,Work for Body Corporate,Reno/Alter/Add/Repair/Extension,2008-01-01T00:00:00.000Z,"",false,20000.0,1000000.0,""
PDP,CONTRACTOR,Bathroom,Reno/Alter/Add/Repair/Extension,2008-01-01T00:00:00.000Z,"",true,"",1000000.0,Can include a separate toilet room (powder room) or ensuite.
PDP,CONTRACTOR,Fire Protection Work,Reno/Alter/Add/Repair/Extension,2016-12-01T14:00:00.000Z,"",false,1.0E10,200000.0,""
PDP,CONTRACTOR,Kitchen,Reno/Alter/Add/Repair/Extension,2008-01-01T00:00:00.000Z,"",true,"",1000000.0,""
PDP,CONTRACTOR,Laundry,Reno/Alter/Add/Repair/Extension,2008-01-01T00:00:00.000Z,"",true,"",1000000.0,""
PDP,CONTRACTOR,Other,Reno/Alter/Add/Repair/Extension,2008-01-01T00:00:00.000Z,"",true,"",1000000.0,""
PDP,CONTRACTOR,Prefab or Existing,Reno/Alter/Add/Repair/Extension,2008-01-01T00:00:00.000Z,"",true,"",1000000.0,""
PDP,CONTRACTOR,Roof Replacement & Repair,Reno/Alter/Add/Repair/Extension,2008-01-01T00:00:00.000Z,"",false,5000.0,1000000.0,""
PDP,CONTRACTOR,Work for Body Corporate,Reno/Alter/Add/Repair/Extension,2008-01-01T00:00:00.000Z,"",false,20000.0,1000000.0,""
PDRW,CONTRACTOR,Deck,Reno/Alter/Add/Repair/Extension,2008-01-01T00:00:00.000Z,"",true,"",1000000.0,"Is a fixed structure attached to a residence, or if not attached to a residence has a roof that is impervious to water and wind."
PDRW,CONTRACTOR,Garage,Reno/Alter/Add/Repair/Extension,2008-01-01T00:00:00.000Z,"",true,"",1000000.0,"Is a fixed structure on the site of a residence or proposed residence, is for residential use and has a roof that is impervious to water and wind."
PDRW,CONTRACTOR,Other,Reno/Alter/Add/Repair/Extension,2008-01-01T00:00:00.000Z,"",true,"",1000000.0,""
PDRW,CONTRACTOR,Patio or Pergola,Reno/Alter/Add/Repair/Extension,2008-01-01T00:00:00.000Z,"",true,"",1000000.0,"Is a fixed structure attached to a residence, or if not attached to a residence has a roof that is impervious to water and wind."
PDRW,CONTRACTOR,Prefab or Existing,Reno/Alter/Add/Repair/Extension,2008-01-01T00:00:00.000Z,"",true,"",1000000.0,""
PDRW,CONTRACTOR,"Raise, Restump & Build in",Reno/Alter/Add/Repair/Extension,2008-01-01T00:00:00.000Z,"",true,"",1000000.0,""
PDRW,CONTRACTOR,Shed,Reno/Alter/Add/Repair/Extension,2008-01-01T00:00:00.000Z,"",true,"",1000000.0,"Is a fixed structure on the site of a residence or proposed residence, is not used, or intended to be used for agricultural or pastoral purposes; and is not on land used wholly or primarily for agricultural or pastoral purposes."
PDRW,CONTRACTOR,Work for Body Corporate,Reno/Alter/Add/Repair/Extension,2008-01-01T00:00:00.000Z,"",false,20000.0,1000000.0,""
PDT,CONTRACTOR,Bathroom,Reno/Alter/Add/Repair/Extension,2008-01-01T00:00:00.000Z,"",true,"",1000000.0,Can include a separate toilet room (powder room) or ensuite.
PDT,CONTRACTOR,Kitchen,Reno/Alter/Add/Repair/Extension,2008-01-01T00:00:00.000Z,"",true,"",1000000.0,""
PDT,CONTRACTOR,Laundry,Reno/Alter/Add/Repair/Extension,2008-01-01T00:00:00.000Z,"",true,"",1000000.0,""
PDT,CONTRACTOR,Other,Reno/Alter/Add/Repair/Extension,2008-01-01T00:00:00.000Z,"",true,"",1000000.0,""
PDT,CONTRACTOR,Prefab or Existing,Reno/Alter/Add/Repair/Extension,2008-01-01T00:00:00.000Z,"",true,"",1000000.0,""
PDT,CONTRACTOR,Work for Body Corporate,Reno/Alter/Add/Repair/Extension,2008-01-01T00:00:00.000Z,"",false,20000.0,1000000.0,""
PDW,CONTRACTOR,Bathroom,Reno/Alter/Add/Repair/Extension,2008-01-01T00:00:00.000Z,"",true,"",1000000.0,Can include a separate toilet room (powder room) or ensuite.
PDW,CONTRACTOR,Garage,Reno/Alter/Add/Repair/Extension,2008-01-01T00:00:00.000Z,"",true,"",1000000.0,"Is a fixed structure on the site of a residence or proposed residence, is for residential use and has a roof that is impervious to water and wind."
PDW,CONTRACTOR,Kitchen,Reno/Alter/Add/Repair/Extension,2008-01-01T00:00:00.000Z,"",true,"",1000000.0,""
PDW,CONTRACTOR,Laundry,Reno/Alter/Add/Repair/Extension,2008-01-01T00:00:00.000Z,"",true,"",1000000.0,""
PDW,CONTRACTOR,Other,Reno/Alter/Add/Repair/Extension,2008-01-01T00:00:00.000Z,"",true,"",1000000.0,""
PDW,CONTRACTOR,Prefab or Existing,Reno/Alter/Add/Repair/Extension,2008-01-01T00:00:00.000Z,"",true,"",1000000.0,""
PDW,CONTRACTOR,"Raise, Restump & Build in",Reno/Alter/Add/Repair/Extension,2008-01-01T00:00:00.000Z,"",true,"",1000000.0,""
PDW,CONTRACTOR,Shed,Reno/Alter/Add/Repair/Extension,2008-01-01T00:00:00.000Z,"",true,"",1000000.0,"Is a fixed structure on the site of a residence or proposed residence, is not used, or intended to be used for agricultural or pastoral purposes; and is not on land used wholly or primarily for agricultural or pastoral purposes."
PDW,CONTRACTOR,Solid Plastering,Reno/Alter/Add/Repair/Extension,2016-12-01T14:00:00.000Z,"",false,1.0E10,200000.0,""
PDW,CONTRACTOR,Waterproofing,Reno/Alter/Add/Repair/Extension,2008-01-01T00:00:00.000Z,"",true,"",1000000.0,""
PDW,CONTRACTOR,Work for Body Corporate,Reno/Alter/Add/Repair/Extension,2008-01-01T00:00:00.000Z,"",false,20000.0,1000000.0,""
PNAD,CONTRACTOR,Painting,Reno/Alter/Add/Repair/Extension,2016-10-27T14:00:00.000Z,2016-12-01T13:59:59.000Z,false,20000.0,1000000.0,""
PNAD,CONTRACTOR,Painting,Reno/Alter/Add/Repair/Extension,2016-12-01T14:00:00.000Z,"",false,1.0E10,200000.0,""
PNR,CONTRACTOR,Other,Reno/Alter/Add/Repair/Extension,2016-12-01T14:00:00.000Z,"",true,"",1000000.0,""
PNR,CONTRACTOR,Painting,Reno/Alter/Add/Repair/Extension,2016-10-27T14:00:00.000Z,2016-12-01T13:59:59.000Z,false,20000.0,1000000.0,""
PNR,CONTRACTOR,Painting,Reno/Alter/Add/Repair/Extension,2016-12-01T14:00:00.000Z,"",false,1.0E10,200000.0,""
PNR,CONTRACTOR,Work for Body Corporate,Reno/Alter/Add/Repair/Extension,2016-12-01T14:00:00.000Z,"",false,20000.0,1000000.0,""
PSD,CONTRACTOR,Other,Reno/Alter/Add/Repair/Extension,2008-01-01T00:00:00.000Z,"",true,"",1000000.0,""
PSD,CONTRACTOR,Prefab or Existing,Reno/Alter/Add/Repair/Extension,2008-01-01T00:00:00.000Z,"",true,"",1000000.0,""
PSD,CONTRACTOR,Rendering,Reno/Alter/Add/Repair/Extension,2016-12-01T14:00:00.000Z,"",false,1.0E10,200000.0,""
PSD,CONTRACTOR,Solid Plastering,Reno/Alter/Add/Repair/Extension,2016-12-01T14:00:00.000Z,"",false,1.0E10,200000.0,""
PSD,CONTRACTOR,Work for Body Corporate,Reno/Alter/Add/Repair/Extension,2008-01-01T00:00:00.000Z,"",false,20000.0,1000000.0,""
RFT,CONTRACTOR,Other,Reno/Alter/Add/Repair/Extension,2008-01-01T00:00:00.000Z,"",true,"",1000000.0,""
RFT,CONTRACTOR,Prefab or Existing,Reno/Alter/Add/Repair/Extension,2008-01-01T00:00:00.000Z,"",true,"",1000000.0,""
RFT,CONTRACTOR,Roof Replacement & Repair,Reno/Alter/Add/Repair/Extension,2008-01-01T00:00:00.000Z,"",false,5000.0,1000000.0,""
RFT,CONTRACTOR,Work for Body Corporate,Reno/Alter/Add/Repair/Extension,2008-01-01T00:00:00.000Z,"",false,20000.0,1000000.0,""
RTM,CONTRACTOR,Other,Reno/Alter/Add/Repair/Extension,2008-01-01T00:00:00.000Z,"",true,"",1000000.0,""
RTM,CONTRACTOR,Prefab or Existing,Reno/Alter/Add/Repair/Extension,2008-01-01T00:00:00.000Z,"",true,"",1000000.0,""
RTM,CONTRACTOR,Roof Replacement & Repair,Reno/Alter/Add/Repair/Extension,2008-01-01T00:00:00.000Z,"",false,5000.0,1000000.0,""
RTS,CONTRACTOR,Other,Reno/Alter/Add/Repair/Extension,2008-01-01T00:00:00.000Z,"",true,"",1000000.0,""
RTS,CONTRACTOR,Prefab or Existing,Reno/Alter/Add/Repair/Extension,2008-01-01T00:00:00.000Z,"",true,"",1000000.0,""
RTS,CONTRACTOR,Work for Body Corporate,Reno/Alter/Add/Repair/Extension,2008-01-01T00:00:00.000Z,"",false,20000.0,1000000.0,""
RWC,CONTRACTOR,Other,Reno/Alter/Add/Repair/Extension,2008-01-01T00:00:00.000Z,"",true,"",1000000.0,""
RWC,CONTRACTOR,Roof Replacement & Repair,Reno/Alter/Add/Repair/Extension,2008-01-01T00:00:00.000Z,"",false,5000.0,1000000.0,""
RWC,CONTRACTOR,Work for Body Corporate,Reno/Alter/Add/Repair/Extension,2008-01-01T00:00:00.000Z,"",false,20000.0,1000000.0,""
SCG,CONTRACTOR,Carport,Reno/Alter/Add/Repair/Extension,2008-01-01T00:00:00.000Z,"",true,"",1000000.0,"Is a fixed structure on the site of a residence or proposed residence, is for residential use and has a roof that is impervious to water and wind."
SCG,CONTRACTOR,Garage,Reno/Alter/Add/Repair/Extension,2008-01-01T00:00:00.000Z,"",true,"",1000000.0,"Is a fixed structure on the site of a residence or proposed residence, is for residential use and has a roof that is impervious to water and wind."
SCG,CONTRACTOR,Other,Reno/Alter/Add/Repair/Extension,2008-01-01T00:00:00.000Z,"",true,"",1000000.0,""
SCG,CONTRACTOR,Roof Replacement & Repair,Reno/Alter/Add/Repair/Extension,2008-01-01T00:00:00.000Z,"",false,5000.0,1000000.0,""
SCG,CONTRACTOR,Shed,Reno/Alter/Add/Repair/Extension,2008-01-01T00:00:00.000Z,"",true,"",1000000.0,"Is a fixed structure on the site of a residence or proposed residence, is not used, or intended to be used for agricultural or pastoral purposes; and is not on land used wholly or primarily for agricultural or pastoral purposes."
SCG,CONTRACTOR,Work for Body Corporate,Reno/Alter/Add/Repair/Extension,2008-01-01T00:00:00.000Z,"",false,20000.0,1000000.0,""
SFX,CONTRACTOR,Deck,Reno/Alter/Add/Repair/Extension,2008-01-01T00:00:00.000Z,"",true,"",1000000.0,"Is a fixed structure attached to a residence, or if not attached to a residence has a roof that is impervious to water and wind."
SFX,CONTRACTOR,Garage,Reno/Alter/Add/Repair/Extension,2008-01-01T00:00:00.000Z,"",true,"",1000000.0,"Is a fixed structure on the site of a residence or proposed residence, is for residential use and has a roof that is impervious to water and wind."
SFX,CONTRACTOR,Other,Reno/Alter/Add/Repair/Extension,2008-01-01T00:00:00.000Z,"",true,"",1000000.0,""
SFX,CONTRACTOR,Patio or Pergola,Reno/Alter/Add/Repair/Extension,2008-01-01T00:00:00.000Z,"",true,"",1000000.0,"Is a fixed structure attached to a residence, or if not attached to a residence has a roof that is impervious to water and wind."
SFX,CONTRACTOR,Prefab or Existing,Reno/Alter/Add/Repair/Extension,2008-01-01T00:00:00.000Z,"",true,"",1000000.0,""
SFX,CONTRACTOR,Raise & Restump,Reno/Alter/Add/Repair/Extension,2008-01-01T00:00:00.000Z,"",true,"",1000000.0,""
SFX,CONTRACTOR,"Raise, Restump & Build in",Reno/Alter/Add/Repair/Extension,2008-01-01T00:00:00.000Z,"",true,"",1000000.0,""
SFX,CONTRACTOR,Shed,Reno/Alter/Add/Repair/Extension,2008-01-01T00:00:00.000Z,"",true,"",1000000.0,"Is a fixed structure on the site of a residence or proposed residence, is not used, or intended to be used for agricultural or pastoral purposes; and is not on land used wholly or primarily for agricultural or pastoral purposes."
SFX,CONTRACTOR,Work for Body Corporate,Reno/Alter/Add/Repair/Extension,2008-01-01T00:00:00.000Z,"",false,20000.0,1000000.0,""
SIF,CONTRACTOR,Other,Reno/Alter/Add/Repair/Extension,2008-01-01T00:00:00.000Z,"",true,"",1000000.0,""
SIF,CONTRACTOR,Prefab or Existing,Reno/Alter/Add/Repair/Extension,2008-01-01T00:00:00.000Z,"",true,"",1000000.0,""
SIF,CONTRACTOR,Raise & Restump,Reno/Alter/Add/Repair/Extension,2008-01-01T00:00:00.000Z,"",true,"",1000000.0,""
SIF,CONTRACTOR,Work for Body Corporate,Reno/Alter/Add/Repair/Extension,2008-01-01T00:00:00.000Z,"",false,20000.0,1000000.0,""
SLT,CONTRACTOR,Deck,Reno/Alter/Add/Repair/Extension,2008-01-01T00:00:00.000Z,"",true,"",1000000.0,"Is a fixed structure attached to a residence, or if not attached to a residence has a roof that is impervious to water and wind."
SLT,CONTRACTOR,Other,Reno/Alter/Add/Repair/Extension,2008-01-01T00:00:00.000Z,"",true,"",1000000.0,""
SLT,CONTRACTOR,Patio or Pergola,Reno/Alter/Add/Repair/Extension,2008-01-01T00:00:00.000Z,"",true,"",1000000.0,"Is a fixed structure attached to a residence, or if not attached to a residence has a roof that is impervious to water and wind."
SLT,CONTRACTOR,Shed,Reno/Alter/Add/Repair/Extension,2008-01-01T00:00:00.000Z,"",true,"",1000000.0,"Is a fixed structure on the site of a residence or proposed residence, is not used, or intended to be used for agricultural or pastoral purposes; and is not on land used wholly or primarily for agricultural or pastoral purposes."
SLT,CONTRACTOR,Work for Body Corporate,Reno/Alter/Add/Repair/Extension,2008-01-01T00:00:00.000Z,"",false,20000.0,1000000.0,""
SMF,CONTRACTOR,Carport,Reno/Alter/Add/Repair/Extension,2008-01-01T00:00:00.000Z,"",true,"",1000000.0,"Is a fixed structure on the site of a residence or proposed residence, is for residential use and has a roof that is impervious to water and wind."
SMF,CONTRACTOR,Deck,Reno/Alter/Add/Repair/Extension,2008-01-01T00:00:00.000Z,"",true,"",1000000.0,"Is a fixed structure attached to a residence, or if not attached to a residence has a roof that is impervious to water and wind."
SMF,CONTRACTOR,Garage,Reno/Alter/Add/Repair/Extension,2008-01-01T00:00:00.000Z,"",true,"",1000000.0,"Is a fixed structure on the site of a residence or proposed residence, is for residential use and has a roof that is impervious to water and wind."
SMF,CONTRACTOR,Other,Reno/Alter/Add/Repair/Extension,2008-01-01T00:00:00.000Z,"",true,"",1000000.0,""
SMF,CONTRACTOR,Other,Reno/Alter/Add/Repair/Extension,2008-01-01T00:00:00.000Z,"",true,"",1000000.0,""
SMF,CONTRACTOR,Patio or Pergola,Reno/Alter/Add/Repair/Extension,2008-01-01T00:00:00.000Z,"",true,"",1000000.0,"Is a fixed structure attached to a residence, or if not attached to a residence has a roof that is impervious to water and wind."
SMF,CONTRACTOR,Roof Replacement & Repair,Reno/Alter/Add/Repair/Extension,2008-01-01T00:00:00.000Z,"",false,5000.0,1000000.0,""
SMF,CONTRACTOR,Roof Replacement & Repair,Reno/Alter/Add/Repair/Extension,2008-01-01T00:00:00.000Z,"",false,5000.0,1000000.0,""
SMF,CONTRACTOR,Shed,Reno/Alter/Add/Repair/Extension,2008-01-01T00:00:00.000Z,"",true,"",1000000.0,"Is a fixed structure on the site of a residence or proposed residence, is not used, or intended to be used for agricultural or pastoral purposes; and is not on land used wholly or primarily for agricultural or pastoral purposes."
SMF,CONTRACTOR,Work for Body Corporate,Reno/Alter/Add/Repair/Extension,2008-01-01T00:00:00.000Z,"",false,20000.0,1000000.0,""
SMF,CONTRACTOR,Work for Body Corporate,Reno/Alter/Add/Repair/Extension,2008-01-01T00:00:00.000Z,"",false,20000.0,1000000.0,""
SPIM,CONTRACTOR,Other,Reno/Alter/Add/Repair/Extension,2008-01-01T00:00:00.000Z,"",true,"",1000000.0,""
SPIM,CONTRACTOR,Swimming Pool - built external to dwelling,Reno/Alter/Add/Repair/Extension,2016-10-27T14:00:00.000Z,"",false,"",1000000.0,"Where the swimming pool is related to multiple dwelling or duplex, it is NOT built in or on the multiple dwelling or duplex, but is built external to the multiple dwelling or duplex."
SPIM,CONTRACTOR,Swimming Pool - built in or on a dwelling,Reno/Alter/Add/Repair/Extension,2016-10-27T14:00:00.000Z,"",true,"",1000000.0,"Where the swimming pool is related to a multiple dwelling or duplex, it is built in or on the multiple dwelling or duplex. E.g. indoor pool or rooftop pool."
SPIM,CONTRACTOR,Work for Body Corporate,Reno/Alter/Add/Repair/Extension,2008-01-01T00:00:00.000Z,"",false,20000.0,1000000.0,""
STM,CONTRACTOR,External Stairs or Ramps,Reno/Alter/Add/Repair/Extension,2008-01-01T00:00:00.000Z,"",true,"",1000000.0,""
STM,CONTRACTOR,Garage,Reno/Alter/Add/Repair/Extension,2008-01-01T00:00:00.000Z,"",true,"",1000000.0,"Is a fixed structure on the site of a residence or proposed residence, is for residential use and has a roof that is impervious to water and wind."
STM,CONTRACTOR,Other,Reno/Alter/Add/Repair/Extension,2008-01-01T00:00:00.000Z,"",true,"",1000000.0,""
STM,CONTRACTOR,Prefab or Existing,Reno/Alter/Add/Repair/Extension,2008-01-01T00:00:00.000Z,"",true,"",1000000.0,""
STM,CONTRACTOR,Raise & Restump,Reno/Alter/Add/Repair/Extension,2008-01-01T00:00:00.000Z,"",true,"",1000000.0,""
STM,CONTRACTOR,"Raise, Restump & Build in",Reno/Alter/Add/Repair/Extension,2008-01-01T00:00:00.000Z,"",true,"",1000000.0,""
STM,CONTRACTOR,Waterproofing,Reno/Alter/Add/Repair/Extension,2008-01-01T00:00:00.000Z,"",true,"",1000000.0,""
STM,CONTRACTOR,Work for Body Corporate,Reno/Alter/Add/Repair/Extension,2008-01-01T00:00:00.000Z,"",false,20000.0,1000000.0,""
TMP,CONTRACTOR,Other,Reno/Alter/Add/Repair/Extension,2008-01-01T00:00:00.000Z,"",true,"",1000000.0,""
TMP,CONTRACTOR,Prefab or Existing,Reno/Alter/Add/Repair/Extension,2008-01-01T00:00:00.000Z,"",true,"",1000000.0,""
TMP,CONTRACTOR,Termite Management - Physical,Reno/Alter/Add/Repair/Extension,2008-01-01T00:00:00.000Z,"",false,1.0E10,200000.0,""
TMP,CONTRACTOR,Work for Body Corporate,Reno/Alter/Add/Repair/Extension,2008-01-01T00:00:00.000Z,"",false,20000.0,1000000.0,""
WFT,CONTRACTOR,Bathroom,Reno/Alter/Add/Repair/Extension,2008-01-01T00:00:00.000Z,"",true,"",1000000.0,Can include a separate toilet room (powder room) or ensuite.
WFT,CONTRACTOR,Kitchen,Reno/Alter/Add/Repair/Extension,2008-01-01T00:00:00.000Z,"",true,"",1000000.0,""
WFT,CONTRACTOR,Laundry,Reno/Alter/Add/Repair/Extension,2008-01-01T00:00:00.000Z,"",true,"",1000000.0,""
WFT,CONTRACTOR,Other,Reno/Alter/Add/Repair/Extension,2008-01-01T00:00:00.000Z,"",true,"",1000000.0,""
WFT,CONTRACTOR,Tiling,Reno/Alter/Add/Repair/Extension,2008-01-01T00:00:00.000Z,"",true,"",1000000.0,""
WFT,CONTRACTOR,Work for Body Corporate,Reno/Alter/Add/Repair/Extension,2008-01-01T00:00:00.000Z,"",false,20000.0,1000000.0,""
WP,CONTRACTOR,Bathroom,Reno/Alter/Add/Repair/Extension,2008-01-01T00:00:00.000Z,"",true,"",1000000.0,Can include a separate toilet room (powder room) or ensuite.
WP,CONTRACTOR,Kitchen,Reno/Alter/Add/Repair/Extension,2008-01-01T00:00:00.000Z,"",true,"",1000000.0,""
WP,CONTRACTOR,Laundry,Reno/Alter/Add/Repair/Extension,2008-01-01T00:00:00.000Z,"",true,"",1000000.0,""
WP,CONTRACTOR,Other,Reno/Alter/Add/Repair/Extension,2008-01-01T00:00:00.000Z,"",true,"",1000000.0,""
WP,CONTRACTOR,Prefab or Existing,Reno/Alter/Add/Repair/Extension,2008-01-01T00:00:00.000Z,"",true,"",1000000.0,""
WP,CONTRACTOR,Waterproofing,Reno/Alter/Add/Repair/Extension,2008-01-01T00:00:00.000Z,"",true,"",1000000.0,""
WP,CONTRACTOR,Work for Body Corporate,Reno/Alter/Add/Repair/Extension,2008-01-01T00:00:00.000Z,"",false,20000.0,1000000.0,""
