PermissionMatrixId,Permission,Role,Legislation,LicenceFinancialCategoryGroup
11680,AddConstraintOnLicencePermission,BCIPA Senior Assessment Officer,bcipa,
11682,AddConstraintOnLicencePermission,Certification Assessment Officer,certification,
11681,AddConstraintOnLicencePermission,Certification Customer Support Officer,certification,
11701,AddConstraintOnLicencePermission,FRI Unit Users,qbcc,Cat3To7
11696,AddConstraintOnLicencePermission,FRI Unit Users,qbcc,NotCat3To7
11704,AddConstraintOnLicencePermission,Plumbing and Pools Users,plumberanddrainer,
11706,AddConstraintOnLicencePermission,Plumbing and Pools Users,poolsafety,
11703,AddConstraintOnLicencePermission,Plumbing Users,plumberanddrainer,
11705,AddConstraintOnLicencePermission,Pool Safety Users,poolsafety,
11684,AddConstraintOnLicencePermission,QBCC Assessment Officer,certification,
11689,AddConstraintOnLicencePermission,QBCC Assessment Officer,qbcc,NotCat3To7
11694,AddConstraintOnLicencePermission,QBCC Assessment Officer - Regional,qbcc,NotCat3To7
11686,AddConstraintOnLicencePermission,QBCC Case Manager,certification,
11699,AddConstraintOnLicencePermission,QBCC Case Manager,qbcc,Cat3To7
11691,AddConstraintOnLicencePermission,QBCC Case Manager,qbcc,NotCat3To7
11683,AddConstraintOnLicencePermission,QBCC Customer Support Officer,certification,
11688,AddConstraintOnLicencePermission,QBCC Customer Support Officer,qbcc,NotCat3To7
11693,AddConstraintOnLicencePermission,QBCC Customer Support Officer - Regional,qbcc,NotCat3To7
11685,AddConstraintOnLicencePermission,QBCC Senior Assessment Officer,certification,
11698,AddConstraintOnLicencePermission,QBCC Senior Assessment Officer,qbcc,Cat3To7
11690,AddConstraintOnLicencePermission,QBCC Senior Assessment Officer,qbcc,NotCat3To7
11695,AddConstraintOnLicencePermission,QBCC Senior Assessment Officer - Regional,qbcc,NotCat3To7
11687,AddConstraintOnLicencePermission,QBCC Senior Compliance Assessment Officer,certification,
11700,AddConstraintOnLicencePermission,QBCC Senior Compliance Assessment Officer,qbcc,Cat3To7
11692,AddConstraintOnLicencePermission,QBCC Senior Compliance Assessment Officer,qbcc,NotCat3To7
11702,AddConstraintOnLicencePermission,Senior FRI Unit Users,qbcc,Cat3To7
11697,AddConstraintOnLicencePermission,Senior FRI Unit Users,qbcc,NotCat3To7
11502,AddFreeFormTextReasonToChangeOfStatusHistoryPermission,BCIPA Senior Assessment Officer,bcipa,
11503,AddFreeFormTextReasonToChangeOfStatusHistoryPermission,Certification Assessment Officer,certification,
11520,AddFreeFormTextReasonToChangeOfStatusHistoryPermission,Plumbing and Pools Users,plumberanddrainer,
11522,AddFreeFormTextReasonToChangeOfStatusHistoryPermission,Plumbing and Pools Users,poolsafety,
11519,AddFreeFormTextReasonToChangeOfStatusHistoryPermission,Plumbing Users,plumberanddrainer,
11521,AddFreeFormTextReasonToChangeOfStatusHistoryPermission,Pool Safety Users,poolsafety,
11505,AddFreeFormTextReasonToChangeOfStatusHistoryPermission,QBCC Case Manager,certification,
11517,AddFreeFormTextReasonToChangeOfStatusHistoryPermission,QBCC Case Manager,ownerbuilder,NotCat3To7
11513,AddFreeFormTextReasonToChangeOfStatusHistoryPermission,QBCC Case Manager,qbcc,Cat3To7
11508,AddFreeFormTextReasonToChangeOfStatusHistoryPermission,QBCC Case Manager,qbcc,NotCat3To7
11504,AddFreeFormTextReasonToChangeOfStatusHistoryPermission,QBCC Senior Assessment Officer,certification,
11516,AddFreeFormTextReasonToChangeOfStatusHistoryPermission,QBCC Senior Assessment Officer,ownerbuilder,NotCat3To7
11512,AddFreeFormTextReasonToChangeOfStatusHistoryPermission,QBCC Senior Assessment Officer,qbcc,Cat3To7
11507,AddFreeFormTextReasonToChangeOfStatusHistoryPermission,QBCC Senior Assessment Officer,qbcc,NotCat3To7
11510,AddFreeFormTextReasonToChangeOfStatusHistoryPermission,QBCC Senior Assessment Officer - Regional,qbcc,NotCat3To7
11506,AddFreeFormTextReasonToChangeOfStatusHistoryPermission,QBCC Senior Compliance Assessment Officer,certification,
11518,AddFreeFormTextReasonToChangeOfStatusHistoryPermission,QBCC Senior Compliance Assessment Officer,ownerbuilder,NotCat3To7
11514,AddFreeFormTextReasonToChangeOfStatusHistoryPermission,QBCC Senior Compliance Assessment Officer,qbcc,Cat3To7
11509,AddFreeFormTextReasonToChangeOfStatusHistoryPermission,QBCC Senior Compliance Assessment Officer,qbcc,NotCat3To7
11515,AddFreeFormTextReasonToChangeOfStatusHistoryPermission,Senior FRI Unit Users,qbcc,Cat3To7
11511,AddFreeFormTextReasonToChangeOfStatusHistoryPermission,Senior FRI Unit Users,qbcc,NotCat3To7
11369,AddLicenceClassToLicencePermission,BCIPA Senior Assessment Officer,bcipa,
11371,AddLicenceClassToLicencePermission,Certification Assessment Officer,certification,
11370,AddLicenceClassToLicencePermission,Certification Customer Support Officer,certification,
11385,AddLicenceClassToLicencePermission,Plumbing and Pools Users,plumberanddrainer,
11387,AddLicenceClassToLicencePermission,Plumbing and Pools Users,poolsafety,
11384,AddLicenceClassToLicencePermission,Plumbing Users,plumberanddrainer,
11386,AddLicenceClassToLicencePermission,Pool Safety Users,poolsafety,
11373,AddLicenceClassToLicencePermission,QBCC Case Manager,certification,
11381,AddLicenceClassToLicencePermission,QBCC Case Manager,qbcc,Cat3To7
11376,AddLicenceClassToLicencePermission,QBCC Case Manager,qbcc,NotCat3To7
11372,AddLicenceClassToLicencePermission,QBCC Senior Assessment Officer,certification,
11380,AddLicenceClassToLicencePermission,QBCC Senior Assessment Officer,qbcc,Cat3To7
11375,AddLicenceClassToLicencePermission,QBCC Senior Assessment Officer,qbcc,NotCat3To7
11378,AddLicenceClassToLicencePermission,QBCC Senior Assessment Officer - Regional,qbcc,NotCat3To7
11374,AddLicenceClassToLicencePermission,QBCC Senior Compliance Assessment Officer,certification,
11382,AddLicenceClassToLicencePermission,QBCC Senior Compliance Assessment Officer,qbcc,Cat3To7
11377,AddLicenceClassToLicencePermission,QBCC Senior Compliance Assessment Officer,qbcc,NotCat3To7
11383,AddLicenceClassToLicencePermission,Senior FRI Unit Users,qbcc,Cat3To7
11379,AddLicenceClassToLicencePermission,Senior FRI Unit Users,qbcc,NotCat3To7
11243,ApproveLicenceRenewalWithoutOustandingFeesPermission,BCIPA Administration Officer,bcipa,
11244,ApproveLicenceRenewalWithoutOustandingFeesPermission,BCIPA Senior Assessment Officer,bcipa,
11247,ApproveLicenceRenewalWithoutOustandingFeesPermission,Certification Assessment Officer,certification,
11246,ApproveLicenceRenewalWithoutOustandingFeesPermission,Certification Customer Support Officer,certification,
11245,ApproveLicenceRenewalWithoutOustandingFeesPermission,Online Services,bcipa,
11954,ApproveLicenceRenewalWithoutOustandingFeesPermission,Online Services,bcipa,
11979,ApproveLicenceRenewalWithoutOustandingFeesPermission,Online Services,bcipa,
12010,ApproveLicenceRenewalWithoutOustandingFeesPermission,Online Services,bcipa,
12011,ApproveLicenceRenewalWithoutOustandingFeesPermission,Online Services,certification,
11980,ApproveLicenceRenewalWithoutOustandingFeesPermission,Online Services,certification,
11955,ApproveLicenceRenewalWithoutOustandingFeesPermission,Online Services,certification,
11252,ApproveLicenceRenewalWithoutOustandingFeesPermission,Online Services,certification,
11982,ApproveLicenceRenewalWithoutOustandingFeesPermission,Online Services,plumberanddrainer,
11957,ApproveLicenceRenewalWithoutOustandingFeesPermission,Online Services,plumberanddrainer,
12013,ApproveLicenceRenewalWithoutOustandingFeesPermission,Online Services,plumberanddrainer,
12014,ApproveLicenceRenewalWithoutOustandingFeesPermission,Online Services,poolsafety,
11958,ApproveLicenceRenewalWithoutOustandingFeesPermission,Online Services,poolsafety,
11983,ApproveLicenceRenewalWithoutOustandingFeesPermission,Online Services,poolsafety,
11956,ApproveLicenceRenewalWithoutOustandingFeesPermission,Online Services,qbcc,
12012,ApproveLicenceRenewalWithoutOustandingFeesPermission,Online Services,qbcc,
11981,ApproveLicenceRenewalWithoutOustandingFeesPermission,Online Services,qbcc,
11266,ApproveLicenceRenewalWithoutOustandingFeesPermission,Online Services,qbcc,Cat3To7
11258,ApproveLicenceRenewalWithoutOustandingFeesPermission,Online Services,qbcc,NotCat3To7
11269,ApproveLicenceRenewalWithoutOustandingFeesPermission,Plumbing and Pools Users,plumberanddrainer,
11271,ApproveLicenceRenewalWithoutOustandingFeesPermission,Plumbing and Pools Users,poolsafety,
11268,ApproveLicenceRenewalWithoutOustandingFeesPermission,Plumbing Users,plumberanddrainer,
11270,ApproveLicenceRenewalWithoutOustandingFeesPermission,Pool Safety Users,poolsafety,
11248,ApproveLicenceRenewalWithoutOustandingFeesPermission,QBCC Assessment Officer,certification,
11254,ApproveLicenceRenewalWithoutOustandingFeesPermission,QBCC Assessment Officer,qbcc,NotCat3To7
11260,ApproveLicenceRenewalWithoutOustandingFeesPermission,QBCC Assessment Officer - Regional,qbcc,NotCat3To7
11250,ApproveLicenceRenewalWithoutOustandingFeesPermission,QBCC Case Manager,certification,
11264,ApproveLicenceRenewalWithoutOustandingFeesPermission,QBCC Case Manager,qbcc,Cat3To7
11256,ApproveLicenceRenewalWithoutOustandingFeesPermission,QBCC Case Manager,qbcc,NotCat3To7
11253,ApproveLicenceRenewalWithoutOustandingFeesPermission,QBCC Customer Support Officer,qbcc,NotCat3To7
11259,ApproveLicenceRenewalWithoutOustandingFeesPermission,QBCC Customer Support Officer - Regional,qbcc,NotCat3To7
11249,ApproveLicenceRenewalWithoutOustandingFeesPermission,QBCC Senior Assessment Officer,certification,
11263,ApproveLicenceRenewalWithoutOustandingFeesPermission,QBCC Senior Assessment Officer,qbcc,Cat3To7
11255,ApproveLicenceRenewalWithoutOustandingFeesPermission,QBCC Senior Assessment Officer,qbcc,NotCat3To7
11261,ApproveLicenceRenewalWithoutOustandingFeesPermission,QBCC Senior Assessment Officer - Regional,qbcc,NotCat3To7
11251,ApproveLicenceRenewalWithoutOustandingFeesPermission,QBCC Senior Compliance Assessment Officer,certification,
11265,ApproveLicenceRenewalWithoutOustandingFeesPermission,QBCC Senior Compliance Assessment Officer,qbcc,Cat3To7
11257,ApproveLicenceRenewalWithoutOustandingFeesPermission,QBCC Senior Compliance Assessment Officer,qbcc,NotCat3To7
11267,ApproveLicenceRenewalWithoutOustandingFeesPermission,Senior FRI Unit Users,qbcc,Cat3To7
11262,ApproveLicenceRenewalWithoutOustandingFeesPermission,Senior FRI Unit Users,qbcc,NotCat3To7
11272,ApproveLicenceRenewalWithOutstandingFeesForOrganisationEmployeePermission,BCIPA Senior Assessment Officer,bcipa,
11274,ApproveLicenceRenewalWithOutstandingFeesForOrganisationEmployeePermission,Certification Assessment Officer,certification,
11273,ApproveLicenceRenewalWithOutstandingFeesForOrganisationEmployeePermission,Certification Customer Support Officer,certification,
12015,ApproveLicenceRenewalWithOutstandingFeesForOrganisationEmployeePermission,Online Services,bcipa,
11984,ApproveLicenceRenewalWithOutstandingFeesForOrganisationEmployeePermission,Online Services,bcipa,
11959,ApproveLicenceRenewalWithOutstandingFeesForOrganisationEmployeePermission,Online Services,bcipa,
11960,ApproveLicenceRenewalWithOutstandingFeesForOrganisationEmployeePermission,Online Services,certification,
11985,ApproveLicenceRenewalWithOutstandingFeesForOrganisationEmployeePermission,Online Services,certification,
12016,ApproveLicenceRenewalWithOutstandingFeesForOrganisationEmployeePermission,Online Services,certification,
12018,ApproveLicenceRenewalWithOutstandingFeesForOrganisationEmployeePermission,Online Services,plumberanddrainer,
11987,ApproveLicenceRenewalWithOutstandingFeesForOrganisationEmployeePermission,Online Services,plumberanddrainer,
11962,ApproveLicenceRenewalWithOutstandingFeesForOrganisationEmployeePermission,Online Services,plumberanddrainer,
11963,ApproveLicenceRenewalWithOutstandingFeesForOrganisationEmployeePermission,Online Services,poolsafety,
11988,ApproveLicenceRenewalWithOutstandingFeesForOrganisationEmployeePermission,Online Services,poolsafety,
12019,ApproveLicenceRenewalWithOutstandingFeesForOrganisationEmployeePermission,Online Services,poolsafety,
12017,ApproveLicenceRenewalWithOutstandingFeesForOrganisationEmployeePermission,Online Services,qbcc,
11961,ApproveLicenceRenewalWithOutstandingFeesForOrganisationEmployeePermission,Online Services,qbcc,
11986,ApproveLicenceRenewalWithOutstandingFeesForOrganisationEmployeePermission,Online Services,qbcc,
11279,ApproveLicenceRenewalWithOutstandingFeesForOrganisationEmployeePermission,Plumbing and Pools Users,plumberanddrainer,
11281,ApproveLicenceRenewalWithOutstandingFeesForOrganisationEmployeePermission,Plumbing and Pools Users,poolsafety,
11278,ApproveLicenceRenewalWithOutstandingFeesForOrganisationEmployeePermission,Plumbing Users,plumberanddrainer,
11280,ApproveLicenceRenewalWithOutstandingFeesForOrganisationEmployeePermission,Pool Safety Users,poolsafety,
11275,ApproveLicenceRenewalWithOutstandingFeesForOrganisationEmployeePermission,QBCC Case Manager,certification,
11277,ApproveLicenceRenewalWithOutstandingFeesForOrganisationEmployeePermission,QBCC Case Manager,qbcc,Cat3To7
11276,ApproveLicenceRenewalWithOutstandingFeesForOrganisationEmployeePermission,QBCC Case Manager,qbcc,NotCat3To7
11627,CancelLicenceClassPermission,BCIPA Senior Assessment Officer,bcipa,
11629,CancelLicenceClassPermission,Certification Assessment Officer,certification,
11628,CancelLicenceClassPermission,Certification Customer Support Officer,certification,
11641,CancelLicenceClassPermission,FRI Unit Users,qbcc,
12020,CancelLicenceClassPermission,Online Services,bcipa,
12021,CancelLicenceClassPermission,Online Services,certification,
12025,CancelLicenceClassPermission,Online Services,ownerbuilder,
12023,CancelLicenceClassPermission,Online Services,plumberanddrainer,
12024,CancelLicenceClassPermission,Online Services,poolsafety,
12022,CancelLicenceClassPermission,Online Services,qbcc,
11638,CancelLicenceClassPermission,Online Services,qbcc,
11648,CancelLicenceClassPermission,Plumbing and Pools Users,plumberanddrainer,
11650,CancelLicenceClassPermission,Plumbing and Pools Users,poolsafety,
11647,CancelLicenceClassPermission,Plumbing Users,plumberanddrainer,
11649,CancelLicenceClassPermission,Pool Safety Users,poolsafety,
11630,CancelLicenceClassPermission,QBCC Assessment Officer,certification,
11643,CancelLicenceClassPermission,QBCC Assessment Officer,ownerbuilder,
11634,CancelLicenceClassPermission,QBCC Assessment Officer,qbcc,
11639,CancelLicenceClassPermission,QBCC Assessment Officer - Regional,qbcc,
11632,CancelLicenceClassPermission,QBCC Case Manager,certification,
11645,CancelLicenceClassPermission,QBCC Case Manager,ownerbuilder,
11636,CancelLicenceClassPermission,QBCC Case Manager,qbcc,
11631,CancelLicenceClassPermission,QBCC Senior Assessment Officer,certification,
11644,CancelLicenceClassPermission,QBCC Senior Assessment Officer,ownerbuilder,
11635,CancelLicenceClassPermission,QBCC Senior Assessment Officer,qbcc,
11640,CancelLicenceClassPermission,QBCC Senior Assessment Officer - Regional,qbcc,
11633,CancelLicenceClassPermission,QBCC Senior Compliance Assessment Officer,certification,
11646,CancelLicenceClassPermission,QBCC Senior Compliance Assessment Officer,ownerbuilder,
11637,CancelLicenceClassPermission,QBCC Senior Compliance Assessment Officer,qbcc,
11642,CancelLicenceClassPermission,Senior FRI Unit Users,qbcc,
11327,ChangeAnnualRenewalDatePermission,BCIPA Senior Assessment Officer,bcipa,
11329,ChangeAnnualRenewalDatePermission,Certification Assessment Officer,certification,
11328,ChangeAnnualRenewalDatePermission,Certification Customer Support Officer,certification,
11330,ChangeAnnualRenewalDatePermission,QBCC Assessment Officer,certification,
11332,ChangeAnnualRenewalDatePermission,QBCC Case Manager,certification,
11338,ChangeAnnualRenewalDatePermission,QBCC Case Manager,qbcc,Cat3To7
11335,ChangeAnnualRenewalDatePermission,QBCC Case Manager,qbcc,NotCat3To7
11331,ChangeAnnualRenewalDatePermission,QBCC Senior Assessment Officer,certification,
11334,ChangeAnnualRenewalDatePermission,QBCC Senior Assessment Officer,qbcc,NotCat3To7
11337,ChangeAnnualRenewalDatePermission,QBCC Senior Assessment Officer - Regional,qbcc,NotCat3To7
11333,ChangeAnnualRenewalDatePermission,QBCC Senior Compliance Assessment Officer,certification,
11339,ChangeAnnualRenewalDatePermission,QBCC Senior Compliance Assessment Officer,qbcc,Cat3To7
11336,ChangeAnnualRenewalDatePermission,QBCC Senior Compliance Assessment Officer,qbcc,NotCat3To7
11118,CompleteLicenceApplicationWithoutOutstandingFeesPermission,BCIPA Senior Assessment Officer,bcipa,
11120,CompleteLicenceApplicationWithoutOutstandingFeesPermission,Certification Assessment Officer,certification,
11119,CompleteLicenceApplicationWithoutOutstandingFeesPermission,Certification Customer Support Officer,certification,
11144,CompleteLicenceApplicationWithoutOutstandingFeesPermission,Plumbing and Pools Users,plumberanddrainer,
11146,CompleteLicenceApplicationWithoutOutstandingFeesPermission,Plumbing and Pools Users,poolsafety,
11143,CompleteLicenceApplicationWithoutOutstandingFeesPermission,Plumbing Users,plumberanddrainer,
11145,CompleteLicenceApplicationWithoutOutstandingFeesPermission,Pool Safety Users,poolsafety,
11121,CompleteLicenceApplicationWithoutOutstandingFeesPermission,QBCC Assessment Officer,certification,
11139,CompleteLicenceApplicationWithoutOutstandingFeesPermission,QBCC Assessment Officer,ownerbuilder,NotCat3To7
11126,CompleteLicenceApplicationWithoutOutstandingFeesPermission,QBCC Assessment Officer,qbcc,NotCat3To7
11131,CompleteLicenceApplicationWithoutOutstandingFeesPermission,QBCC Assessment Officer - Regional,qbcc,NotCat3To7
11123,CompleteLicenceApplicationWithoutOutstandingFeesPermission,QBCC Case Manager,certification,
11141,CompleteLicenceApplicationWithoutOutstandingFeesPermission,QBCC Case Manager,ownerbuilder,NotCat3To7
11135,CompleteLicenceApplicationWithoutOutstandingFeesPermission,QBCC Case Manager,qbcc,Cat3To7
11128,CompleteLicenceApplicationWithoutOutstandingFeesPermission,QBCC Case Manager,qbcc,NotCat3To7
11138,CompleteLicenceApplicationWithoutOutstandingFeesPermission,QBCC Customer Support Officer,ownerbuilder,NotCat3To7
11125,CompleteLicenceApplicationWithoutOutstandingFeesPermission,QBCC Customer Support Officer,qbcc,NotCat3To7
11130,CompleteLicenceApplicationWithoutOutstandingFeesPermission,QBCC Customer Support Officer - Regional,qbcc,NotCat3To7
11122,CompleteLicenceApplicationWithoutOutstandingFeesPermission,QBCC Senior Assessment Officer,certification,
11140,CompleteLicenceApplicationWithoutOutstandingFeesPermission,QBCC Senior Assessment Officer,ownerbuilder,NotCat3To7
11134,CompleteLicenceApplicationWithoutOutstandingFeesPermission,QBCC Senior Assessment Officer,qbcc,Cat3To7
11127,CompleteLicenceApplicationWithoutOutstandingFeesPermission,QBCC Senior Assessment Officer,qbcc,NotCat3To7
11132,CompleteLicenceApplicationWithoutOutstandingFeesPermission,QBCC Senior Assessment Officer - Regional,qbcc,NotCat3To7
11124,CompleteLicenceApplicationWithoutOutstandingFeesPermission,QBCC Senior Compliance Assessment Officer,certification,
11142,CompleteLicenceApplicationWithoutOutstandingFeesPermission,QBCC Senior Compliance Assessment Officer,ownerbuilder,NotCat3To7
11136,CompleteLicenceApplicationWithoutOutstandingFeesPermission,QBCC Senior Compliance Assessment Officer,qbcc,Cat3To7
11129,CompleteLicenceApplicationWithoutOutstandingFeesPermission,QBCC Senior Compliance Assessment Officer,qbcc,NotCat3To7
11137,CompleteLicenceApplicationWithoutOutstandingFeesPermission,Senior FRI Unit Users,qbcc,Cat3To7
11133,CompleteLicenceApplicationWithoutOutstandingFeesPermission,Senior FRI Unit Users,qbcc,NotCat3To7
11173,CompleteLicenceApplicationWithOutstandingFeesForOrganisationEmployeePermission,BCIPA Senior Assessment Officer,bcipa,
11175,CompleteLicenceApplicationWithOutstandingFeesForOrganisationEmployeePermission,Certification Assessment Officer,certification,
11174,CompleteLicenceApplicationWithOutstandingFeesForOrganisationEmployeePermission,Certification Customer Support Officer,certification,
11181,CompleteLicenceApplicationWithOutstandingFeesForOrganisationEmployeePermission,Plumbing and Pools Users,plumberanddrainer,
11183,CompleteLicenceApplicationWithOutstandingFeesForOrganisationEmployeePermission,Plumbing and Pools Users,poolsafety,
11180,CompleteLicenceApplicationWithOutstandingFeesForOrganisationEmployeePermission,Plumbing Users,plumberanddrainer,
11182,CompleteLicenceApplicationWithOutstandingFeesForOrganisationEmployeePermission,Pool Safety Users,poolsafety,
11176,CompleteLicenceApplicationWithOutstandingFeesForOrganisationEmployeePermission,QBCC Case Manager,certification,
11179,CompleteLicenceApplicationWithOutstandingFeesForOrganisationEmployeePermission,QBCC Case Manager,ownerbuilder,NotCat3To7
11178,CompleteLicenceApplicationWithOutstandingFeesForOrganisationEmployeePermission,QBCC Case Manager,qbcc,Cat3To7
11177,CompleteLicenceApplicationWithOutstandingFeesForOrganisationEmployeePermission,QBCC Case Manager,qbcc,NotCat3To7
11147,CompleteLicenceApplicationWithOutstandingFeesGreaterThanWriteOffDelegation_NotWriteOffPermission,BCIPA Senior Assessment Officer,bcipa,
11148,CompleteLicenceApplicationWithOutstandingFeesGreaterThanWriteOffDelegation_NotWriteOffPermission,Certification Assessment Officer,certification,
11170,CompleteLicenceApplicationWithOutstandingFeesGreaterThanWriteOffDelegation_NotWriteOffPermission,Plumbing and Pools Users,plumberanddrainer,
11172,CompleteLicenceApplicationWithOutstandingFeesGreaterThanWriteOffDelegation_NotWriteOffPermission,Plumbing and Pools Users,poolsafety,
11169,CompleteLicenceApplicationWithOutstandingFeesGreaterThanWriteOffDelegation_NotWriteOffPermission,Plumbing Users,plumberanddrainer,
11171,CompleteLicenceApplicationWithOutstandingFeesGreaterThanWriteOffDelegation_NotWriteOffPermission,Pool Safety Users,poolsafety,
11149,CompleteLicenceApplicationWithOutstandingFeesGreaterThanWriteOffDelegation_NotWriteOffPermission,QBCC Assessment Officer,certification,
11165,CompleteLicenceApplicationWithOutstandingFeesGreaterThanWriteOffDelegation_NotWriteOffPermission,QBCC Assessment Officer,ownerbuilder,NotCat3To7
11154,CompleteLicenceApplicationWithOutstandingFeesGreaterThanWriteOffDelegation_NotWriteOffPermission,QBCC Assessment Officer,qbcc,NotCat3To7
11159,CompleteLicenceApplicationWithOutstandingFeesGreaterThanWriteOffDelegation_NotWriteOffPermission,QBCC Assessment Officer - Regional,qbcc,NotCat3To7
11151,CompleteLicenceApplicationWithOutstandingFeesGreaterThanWriteOffDelegation_NotWriteOffPermission,QBCC Case Manager,certification,
11167,CompleteLicenceApplicationWithOutstandingFeesGreaterThanWriteOffDelegation_NotWriteOffPermission,QBCC Case Manager,ownerbuilder,NotCat3To7
11162,CompleteLicenceApplicationWithOutstandingFeesGreaterThanWriteOffDelegation_NotWriteOffPermission,QBCC Case Manager,qbcc,Cat3To7
11156,CompleteLicenceApplicationWithOutstandingFeesGreaterThanWriteOffDelegation_NotWriteOffPermission,QBCC Case Manager,qbcc,NotCat3To7
11164,CompleteLicenceApplicationWithOutstandingFeesGreaterThanWriteOffDelegation_NotWriteOffPermission,QBCC Customer Support Officer,ownerbuilder,NotCat3To7
11153,CompleteLicenceApplicationWithOutstandingFeesGreaterThanWriteOffDelegation_NotWriteOffPermission,QBCC Customer Support Officer,qbcc,NotCat3To7
11158,CompleteLicenceApplicationWithOutstandingFeesGreaterThanWriteOffDelegation_NotWriteOffPermission,QBCC Customer Support Officer - Regional,qbcc,NotCat3To7
11150,CompleteLicenceApplicationWithOutstandingFeesGreaterThanWriteOffDelegation_NotWriteOffPermission,QBCC Senior Assessment Officer,certification,
11166,CompleteLicenceApplicationWithOutstandingFeesGreaterThanWriteOffDelegation_NotWriteOffPermission,QBCC Senior Assessment Officer,ownerbuilder,NotCat3To7
11161,CompleteLicenceApplicationWithOutstandingFeesGreaterThanWriteOffDelegation_NotWriteOffPermission,QBCC Senior Assessment Officer,qbcc,Cat3To7
11155,CompleteLicenceApplicationWithOutstandingFeesGreaterThanWriteOffDelegation_NotWriteOffPermission,QBCC Senior Assessment Officer,qbcc,NotCat3To7
11160,CompleteLicenceApplicationWithOutstandingFeesGreaterThanWriteOffDelegation_NotWriteOffPermission,QBCC Senior Assessment Officer - Regional,qbcc,NotCat3To7
11152,CompleteLicenceApplicationWithOutstandingFeesGreaterThanWriteOffDelegation_NotWriteOffPermission,QBCC Senior Compliance Assessment Officer,certification,
11168,CompleteLicenceApplicationWithOutstandingFeesGreaterThanWriteOffDelegation_NotWriteOffPermission,QBCC Senior Compliance Assessment Officer,ownerbuilder,NotCat3To7
11163,CompleteLicenceApplicationWithOutstandingFeesGreaterThanWriteOffDelegation_NotWriteOffPermission,QBCC Senior Compliance Assessment Officer,qbcc,Cat3To7
11157,CompleteLicenceApplicationWithOutstandingFeesGreaterThanWriteOffDelegation_NotWriteOffPermission,QBCC Senior Compliance Assessment Officer,qbcc,NotCat3To7
11930,CompleteWithOverpaymentInsideDelegationAmount,Plumbing and Pools Users,plumberanddrainer,
11932,CompleteWithOverpaymentInsideDelegationAmount,Plumbing and Pools Users,poolsafety,
11929,CompleteWithOverpaymentInsideDelegationAmount,Plumbing Users,plumberanddrainer,
11931,CompleteWithOverpaymentInsideDelegationAmount,Pool Safety Users,poolsafety,
11927,CompleteWithOverpaymentInsideDelegationAmount,QBCC Case Manager,qbcc,Cat3To7
11924,CompleteWithOverpaymentInsideDelegationAmount,QBCC Case Manager,qbcc,NotCat3To7
11926,CompleteWithOverpaymentInsideDelegationAmount,QBCC Senior Assessment Officer,qbcc,Cat3To7
11923,CompleteWithOverpaymentInsideDelegationAmount,QBCC Senior Assessment Officer,qbcc,NotCat3To7
11928,CompleteWithOverpaymentInsideDelegationAmount,QBCC Senior Compliance Assessment Officer,qbcc,Cat3To7
11925,CompleteWithOverpaymentInsideDelegationAmount,QBCC Senior Compliance Assessment Officer,qbcc,NotCat3To7
12005,CompleteWithOverpaymentOutsideDelegationAmount,Online Services,bcipa,
11974,CompleteWithOverpaymentOutsideDelegationAmount,Online Services,bcipa,
11949,CompleteWithOverpaymentOutsideDelegationAmount,Online Services,bcipa,
11950,CompleteWithOverpaymentOutsideDelegationAmount,Online Services,certification,
11975,CompleteWithOverpaymentOutsideDelegationAmount,Online Services,certification,
12006,CompleteWithOverpaymentOutsideDelegationAmount,Online Services,certification,
12008,CompleteWithOverpaymentOutsideDelegationAmount,Online Services,plumberanddrainer,
11977,CompleteWithOverpaymentOutsideDelegationAmount,Online Services,plumberanddrainer,
11952,CompleteWithOverpaymentOutsideDelegationAmount,Online Services,plumberanddrainer,
11953,CompleteWithOverpaymentOutsideDelegationAmount,Online Services,poolsafety,
11978,CompleteWithOverpaymentOutsideDelegationAmount,Online Services,poolsafety,
12009,CompleteWithOverpaymentOutsideDelegationAmount,Online Services,poolsafety,
12007,CompleteWithOverpaymentOutsideDelegationAmount,Online Services,qbcc,
11976,CompleteWithOverpaymentOutsideDelegationAmount,Online Services,qbcc,
11951,CompleteWithOverpaymentOutsideDelegationAmount,Online Services,qbcc,
11936,CompleteWithOverpaymentOutsideDelegationAmount,Plumbing and Pools Users,plumberanddrainer,
11938,CompleteWithOverpaymentOutsideDelegationAmount,Plumbing and Pools Users,poolsafety,
11935,CompleteWithOverpaymentOutsideDelegationAmount,Plumbing Users,plumberanddrainer,
11937,CompleteWithOverpaymentOutsideDelegationAmount,Pool Safety Users,poolsafety,
11934,CompleteWithOverpaymentOutsideDelegationAmount,QBCC Case Manager,qbcc,Cat3To7
11933,CompleteWithOverpaymentOutsideDelegationAmount,QBCC Case Manager,qbcc,NotCat3To7
11871,CompleteWithUnderpaymentInsideDelegationAmount,BCIPA Senior Assessment Officer,bcipa,
11874,CompleteWithUnderpaymentInsideDelegationAmount,Certification Assessment Officer,certification,
11873,CompleteWithUnderpaymentInsideDelegationAmount,Certification Customer Support Officer,certification,
11872,CompleteWithUnderpaymentInsideDelegationAmount,Online Services,bcipa,
11939,CompleteWithUnderpaymentInsideDelegationAmount,Online Services,bcipa,
11964,CompleteWithUnderpaymentInsideDelegationAmount,Online Services,bcipa,
11995,CompleteWithUnderpaymentInsideDelegationAmount,Online Services,bcipa,
11996,CompleteWithUnderpaymentInsideDelegationAmount,Online Services,certification,
11965,CompleteWithUnderpaymentInsideDelegationAmount,Online Services,certification,
11940,CompleteWithUnderpaymentInsideDelegationAmount,Online Services,certification,
11879,CompleteWithUnderpaymentInsideDelegationAmount,Online Services,certification,
11942,CompleteWithUnderpaymentInsideDelegationAmount,Online Services,plumberanddrainer,
11967,CompleteWithUnderpaymentInsideDelegationAmount,Online Services,plumberanddrainer,
11998,CompleteWithUnderpaymentInsideDelegationAmount,Online Services,plumberanddrainer,
11999,CompleteWithUnderpaymentInsideDelegationAmount,Online Services,poolsafety,
11968,CompleteWithUnderpaymentInsideDelegationAmount,Online Services,poolsafety,
11943,CompleteWithUnderpaymentInsideDelegationAmount,Online Services,poolsafety,
11941,CompleteWithUnderpaymentInsideDelegationAmount,Online Services,qbcc,
11966,CompleteWithUnderpaymentInsideDelegationAmount,Online Services,qbcc,
11997,CompleteWithUnderpaymentInsideDelegationAmount,Online Services,qbcc,
11893,CompleteWithUnderpaymentInsideDelegationAmount,Online Services,qbcc,Cat3To7
11885,CompleteWithUnderpaymentInsideDelegationAmount,Online Services,qbcc,NotCat3To7
11901,CompleteWithUnderpaymentInsideDelegationAmount,Plumbing and Pools Users,plumberanddrainer,
11903,CompleteWithUnderpaymentInsideDelegationAmount,Plumbing and Pools Users,poolsafety,
11900,CompleteWithUnderpaymentInsideDelegationAmount,Plumbing Users,plumberanddrainer,
11902,CompleteWithUnderpaymentInsideDelegationAmount,Pool Safety Users,poolsafety,
11875,CompleteWithUnderpaymentInsideDelegationAmount,QBCC Assessment Officer,certification,
11896,CompleteWithUnderpaymentInsideDelegationAmount,QBCC Assessment Officer,ownerbuilder,NotCat3To7
11881,CompleteWithUnderpaymentInsideDelegationAmount,QBCC Assessment Officer,qbcc,NotCat3To7
11887,CompleteWithUnderpaymentInsideDelegationAmount,QBCC Assessment Officer - Regional,qbcc,NotCat3To7
11877,CompleteWithUnderpaymentInsideDelegationAmount,QBCC Case Manager,certification,
11898,CompleteWithUnderpaymentInsideDelegationAmount,QBCC Case Manager,ownerbuilder,NotCat3To7
11891,CompleteWithUnderpaymentInsideDelegationAmount,QBCC Case Manager,qbcc,Cat3To7
11883,CompleteWithUnderpaymentInsideDelegationAmount,QBCC Case Manager,qbcc,NotCat3To7
11895,CompleteWithUnderpaymentInsideDelegationAmount,QBCC Customer Support Officer,ownerbuilder,NotCat3To7
11880,CompleteWithUnderpaymentInsideDelegationAmount,QBCC Customer Support Officer,qbcc,NotCat3To7
11886,CompleteWithUnderpaymentInsideDelegationAmount,QBCC Customer Support Officer - Regional,qbcc,NotCat3To7
11876,CompleteWithUnderpaymentInsideDelegationAmount,QBCC Senior Assessment Officer,certification,
11897,CompleteWithUnderpaymentInsideDelegationAmount,QBCC Senior Assessment Officer,ownerbuilder,NotCat3To7
11890,CompleteWithUnderpaymentInsideDelegationAmount,QBCC Senior Assessment Officer,qbcc,Cat3To7
11882,CompleteWithUnderpaymentInsideDelegationAmount,QBCC Senior Assessment Officer,qbcc,NotCat3To7
11888,CompleteWithUnderpaymentInsideDelegationAmount,QBCC Senior Assessment Officer - Regional,qbcc,NotCat3To7
11878,CompleteWithUnderpaymentInsideDelegationAmount,QBCC Senior Compliance Assessment Officer,certification,
11899,CompleteWithUnderpaymentInsideDelegationAmount,QBCC Senior Compliance Assessment Officer,ownerbuilder,NotCat3To7
11892,CompleteWithUnderpaymentInsideDelegationAmount,QBCC Senior Compliance Assessment Officer,qbcc,Cat3To7
11884,CompleteWithUnderpaymentInsideDelegationAmount,QBCC Senior Compliance Assessment Officer,qbcc,NotCat3To7
11894,CompleteWithUnderpaymentInsideDelegationAmount,Senior FRI Unit Users,qbcc,Cat3To7
11889,CompleteWithUnderpaymentInsideDelegationAmount,Senior FRI Unit Users,qbcc,NotCat3To7
11904,CompleteWithUnderpaymentOutsideDelegationAmount,BCIPA Senior Assessment Officer,bcipa,
11905,CompleteWithUnderpaymentOutsideDelegationAmount,Certification Assessment Officer,certification,
11944,CompleteWithUnderpaymentOutsideDelegationAmount,Online Services,bcipa,
12000,CompleteWithUnderpaymentOutsideDelegationAmount,Online Services,bcipa,
11969,CompleteWithUnderpaymentOutsideDelegationAmount,Online Services,bcipa,
11970,CompleteWithUnderpaymentOutsideDelegationAmount,Online Services,certification,
12001,CompleteWithUnderpaymentOutsideDelegationAmount,Online Services,certification,
11945,CompleteWithUnderpaymentOutsideDelegationAmount,Online Services,certification,
12003,CompleteWithUnderpaymentOutsideDelegationAmount,Online Services,plumberanddrainer,
11972,CompleteWithUnderpaymentOutsideDelegationAmount,Online Services,plumberanddrainer,
11947,CompleteWithUnderpaymentOutsideDelegationAmount,Online Services,plumberanddrainer,
11948,CompleteWithUnderpaymentOutsideDelegationAmount,Online Services,poolsafety,
11973,CompleteWithUnderpaymentOutsideDelegationAmount,Online Services,poolsafety,
12004,CompleteWithUnderpaymentOutsideDelegationAmount,Online Services,poolsafety,
12002,CompleteWithUnderpaymentOutsideDelegationAmount,Online Services,qbcc,
11971,CompleteWithUnderpaymentOutsideDelegationAmount,Online Services,qbcc,
11946,CompleteWithUnderpaymentOutsideDelegationAmount,Online Services,qbcc,
11920,CompleteWithUnderpaymentOutsideDelegationAmount,Plumbing and Pools Users,plumberanddrainer,
11922,CompleteWithUnderpaymentOutsideDelegationAmount,Plumbing and Pools Users,poolsafety,
11919,CompleteWithUnderpaymentOutsideDelegationAmount,Plumbing Users,plumberanddrainer,
11921,CompleteWithUnderpaymentOutsideDelegationAmount,Pool Safety Users,poolsafety,
11907,CompleteWithUnderpaymentOutsideDelegationAmount,QBCC Case Manager,certification,
11917,CompleteWithUnderpaymentOutsideDelegationAmount,QBCC Case Manager,ownerbuilder,NotCat3To7
11914,CompleteWithUnderpaymentOutsideDelegationAmount,QBCC Case Manager,qbcc,Cat3To7
11910,CompleteWithUnderpaymentOutsideDelegationAmount,QBCC Case Manager,qbcc,NotCat3To7
11906,CompleteWithUnderpaymentOutsideDelegationAmount,QBCC Senior Assessment Officer,certification,
11916,CompleteWithUnderpaymentOutsideDelegationAmount,QBCC Senior Assessment Officer,ownerbuilder,NotCat3To7
11913,CompleteWithUnderpaymentOutsideDelegationAmount,QBCC Senior Assessment Officer,qbcc,Cat3To7
11909,CompleteWithUnderpaymentOutsideDelegationAmount,QBCC Senior Assessment Officer,qbcc,NotCat3To7
11912,CompleteWithUnderpaymentOutsideDelegationAmount,QBCC Senior Assessment Officer - Regional,qbcc,NotCat3To7
11908,CompleteWithUnderpaymentOutsideDelegationAmount,QBCC Senior Compliance Assessment Officer,certification,
11918,CompleteWithUnderpaymentOutsideDelegationAmount,QBCC Senior Compliance Assessment Officer,ownerbuilder,NotCat3To7
11915,CompleteWithUnderpaymentOutsideDelegationAmount,QBCC Senior Compliance Assessment Officer,qbcc,Cat3To7
11911,CompleteWithUnderpaymentOutsideDelegationAmount,QBCC Senior Compliance Assessment Officer,qbcc,NotCat3To7
11002,CreateLicenceApplicationPermission,BCIPA Administration Officer,bcipa,
11003,CreateLicenceApplicationPermission,BCIPA Senior Assessment Officer,bcipa,
11008,CreateLicenceApplicationPermission,Certification Assessment Officer,certification,
11007,CreateLicenceApplicationPermission,Certification Customer Support Officer,certification,
10999,CreateLicenceApplicationPermission,Contact Centre Officer,bcipa,
11004,CreateLicenceApplicationPermission,Contact Centre Officer,certification,
11024,CreateLicenceApplicationPermission,Contact Centre Officer,ownerbuilder,
11035,CreateLicenceApplicationPermission,Contact Centre Officer,plumberanddrainer,
11040,CreateLicenceApplicationPermission,Contact Centre Officer,poolsafety,
11013,CreateLicenceApplicationPermission,Contact Centre Officer,qbcc,
11001,CreateLicenceApplicationPermission,Finance Officer,bcipa,
11006,CreateLicenceApplicationPermission,Finance Officer,certification,
11026,CreateLicenceApplicationPermission,Finance Officer,ownerbuilder,
11037,CreateLicenceApplicationPermission,Finance Officer,plumberanddrainer,
11042,CreateLicenceApplicationPermission,Finance Officer,poolsafety,
11015,CreateLicenceApplicationPermission,Finance Officer,qbcc,
11989,CreateLicenceApplicationPermission,Online Services,bcipa,
11990,CreateLicenceApplicationPermission,Online Services,certification,
11992,CreateLicenceApplicationPermission,Online Services,ownerbuilder,
11993,CreateLicenceApplicationPermission,Online Services,plumberanddrainer,
11994,CreateLicenceApplicationPermission,Online Services,poolsafety,
11991,CreateLicenceApplicationPermission,Online Services,qbcc,
11039,CreateLicenceApplicationPermission,Plumbing and Pools Users,plumberanddrainer,
11044,CreateLicenceApplicationPermission,Plumbing and Pools Users,poolsafety,
11038,CreateLicenceApplicationPermission,Plumbing Users,plumberanddrainer,
11043,CreateLicenceApplicationPermission,Pool Safety Users,poolsafety,
11009,CreateLicenceApplicationPermission,QBCC Assessment Officer,certification,
11028,CreateLicenceApplicationPermission,QBCC Assessment Officer,ownerbuilder,
11017,CreateLicenceApplicationPermission,QBCC Assessment Officer,qbcc,
11033,CreateLicenceApplicationPermission,QBCC Assessment Officer - Regional,ownerbuilder,
11022,CreateLicenceApplicationPermission,QBCC Assessment Officer - Regional,qbcc,
11011,CreateLicenceApplicationPermission,QBCC Case Manager,certification,
11030,CreateLicenceApplicationPermission,QBCC Case Manager,ownerbuilder,
11019,CreateLicenceApplicationPermission,QBCC Case Manager,qbcc,
11027,CreateLicenceApplicationPermission,QBCC Customer Support Officer,ownerbuilder,
11016,CreateLicenceApplicationPermission,QBCC Customer Support Officer,qbcc,
11032,CreateLicenceApplicationPermission,QBCC Customer Support Officer - Regional,ownerbuilder,
11021,CreateLicenceApplicationPermission,QBCC Customer Support Officer - Regional,qbcc,
11010,CreateLicenceApplicationPermission,QBCC Senior Assessment Officer,certification,
11029,CreateLicenceApplicationPermission,QBCC Senior Assessment Officer,ownerbuilder,
11018,CreateLicenceApplicationPermission,QBCC Senior Assessment Officer,qbcc,
11034,CreateLicenceApplicationPermission,QBCC Senior Assessment Officer - Regional,ownerbuilder,
11023,CreateLicenceApplicationPermission,QBCC Senior Assessment Officer - Regional,qbcc,
11012,CreateLicenceApplicationPermission,QBCC Senior Compliance Assessment Officer,certification,
11031,CreateLicenceApplicationPermission,QBCC Senior Compliance Assessment Officer,ownerbuilder,
11020,CreateLicenceApplicationPermission,QBCC Senior Compliance Assessment Officer,qbcc,
11000,CreateLicenceApplicationPermission,Records Officer,bcipa,
11005,CreateLicenceApplicationPermission,Records Officer,certification,
11025,CreateLicenceApplicationPermission,Records Officer,ownerbuilder,
11036,CreateLicenceApplicationPermission,Records Officer,plumberanddrainer,
11041,CreateLicenceApplicationPermission,Records Officer,poolsafety,
11014,CreateLicenceApplicationPermission,Records Officer,qbcc,
11431,CreateManualRenewalPermission,BCIPA Senior Assessment Officer,bcipa,
11432,CreateManualRenewalPermission,Certification Assessment Officer,certification,
11437,CreateManualRenewalPermission,Plumbing and Pools Users,plumberanddrainer,
11439,CreateManualRenewalPermission,Plumbing and Pools Users,poolsafety,
11436,CreateManualRenewalPermission,Plumbing Users,plumberanddrainer,
11438,CreateManualRenewalPermission,Pool Safety Users,poolsafety,
11433,CreateManualRenewalPermission,QBCC Case Manager,certification,
11435,CreateManualRenewalPermission,QBCC Case Manager,qbcc,Cat3To7
11434,CreateManualRenewalPermission,QBCC Case Manager,qbcc,NotCat3To7
11567,DeleteCancellationOnLicencePermission,BCIPA Senior Assessment Officer,bcipa,
11569,DeleteCancellationOnLicencePermission,Certification Assessment Officer,certification,
11568,DeleteCancellationOnLicencePermission,Certification Customer Support Officer,certification,
11585,DeleteCancellationOnLicencePermission,Plumbing and Pools Users,plumberanddrainer,
11587,DeleteCancellationOnLicencePermission,Plumbing and Pools Users,poolsafety,
11584,DeleteCancellationOnLicencePermission,Plumbing Users,plumberanddrainer,
11586,DeleteCancellationOnLicencePermission,Pool Safety Users,poolsafety,
11571,DeleteCancellationOnLicencePermission,QBCC Case Manager,certification,
11582,DeleteCancellationOnLicencePermission,QBCC Case Manager,ownerbuilder,NotCat3To7
11578,DeleteCancellationOnLicencePermission,QBCC Case Manager,qbcc,Cat3To7
11574,DeleteCancellationOnLicencePermission,QBCC Case Manager,qbcc,NotCat3To7
11570,DeleteCancellationOnLicencePermission,QBCC Senior Assessment Officer,certification,
11581,DeleteCancellationOnLicencePermission,QBCC Senior Assessment Officer,ownerbuilder,NotCat3To7
11577,DeleteCancellationOnLicencePermission,QBCC Senior Assessment Officer,qbcc,Cat3To7
11573,DeleteCancellationOnLicencePermission,QBCC Senior Assessment Officer,qbcc,NotCat3To7
11572,DeleteCancellationOnLicencePermission,QBCC Senior Compliance Assessment Officer,certification,
11583,DeleteCancellationOnLicencePermission,QBCC Senior Compliance Assessment Officer,ownerbuilder,NotCat3To7
11579,DeleteCancellationOnLicencePermission,QBCC Senior Compliance Assessment Officer,qbcc,Cat3To7
11575,DeleteCancellationOnLicencePermission,QBCC Senior Compliance Assessment Officer,qbcc,NotCat3To7
11580,DeleteCancellationOnLicencePermission,Senior FRI Unit Users,qbcc,Cat3To7
11576,DeleteCancellationOnLicencePermission,Senior FRI Unit Users,qbcc,NotCat3To7
11388,DeleteConstraintOnLicencePermission,BCIPA Senior Assessment Officer,bcipa,
11390,DeleteConstraintOnLicencePermission,Certification Assessment Officer,certification,
11389,DeleteConstraintOnLicencePermission,Certification Customer Support Officer,certification,
11404,DeleteConstraintOnLicencePermission,Plumbing and Pools Users,plumberanddrainer,
11406,DeleteConstraintOnLicencePermission,Plumbing and Pools Users,poolsafety,
11403,DeleteConstraintOnLicencePermission,Plumbing Users,plumberanddrainer,
11405,DeleteConstraintOnLicencePermission,Pool Safety Users,poolsafety,
11392,DeleteConstraintOnLicencePermission,QBCC Case Manager,certification,
11400,DeleteConstraintOnLicencePermission,QBCC Case Manager,qbcc,Cat3To7
11395,DeleteConstraintOnLicencePermission,QBCC Case Manager,qbcc,NotCat3To7
11391,DeleteConstraintOnLicencePermission,QBCC Senior Assessment Officer,certification,
11399,DeleteConstraintOnLicencePermission,QBCC Senior Assessment Officer,qbcc,Cat3To7
11394,DeleteConstraintOnLicencePermission,QBCC Senior Assessment Officer,qbcc,NotCat3To7
11397,DeleteConstraintOnLicencePermission,QBCC Senior Assessment Officer - Regional,qbcc,NotCat3To7
11393,DeleteConstraintOnLicencePermission,QBCC Senior Compliance Assessment Officer,certification,
11401,DeleteConstraintOnLicencePermission,QBCC Senior Compliance Assessment Officer,qbcc,Cat3To7
11396,DeleteConstraintOnLicencePermission,QBCC Senior Compliance Assessment Officer,qbcc,NotCat3To7
11402,DeleteConstraintOnLicencePermission,Senior FRI Unit Users,qbcc,Cat3To7
11398,DeleteConstraintOnLicencePermission,Senior FRI Unit Users,qbcc,NotCat3To7
11184,DeleteLicenceApplicationPermission,BCIPA Administration Officer,bcipa,
11185,DeleteLicenceApplicationPermission,BCIPA Senior Assessment Officer,bcipa,
11187,DeleteLicenceApplicationPermission,Certification Assessment Officer,certification,
11186,DeleteLicenceApplicationPermission,Certification Customer Support Officer,certification,
11209,DeleteLicenceApplicationPermission,Plumbing and Pools Users,plumberanddrainer,
11211,DeleteLicenceApplicationPermission,Plumbing and Pools Users,poolsafety,
11208,DeleteLicenceApplicationPermission,Plumbing Users,plumberanddrainer,
11210,DeleteLicenceApplicationPermission,Pool Safety Users,poolsafety,
11188,DeleteLicenceApplicationPermission,QBCC Assessment Officer,certification,
11204,DeleteLicenceApplicationPermission,QBCC Assessment Officer,ownerbuilder,NotCat3To7
11193,DeleteLicenceApplicationPermission,QBCC Assessment Officer,qbcc,NotCat3To7
11198,DeleteLicenceApplicationPermission,QBCC Assessment Officer - Regional,qbcc,NotCat3To7
11190,DeleteLicenceApplicationPermission,QBCC Case Manager,certification,
11206,DeleteLicenceApplicationPermission,QBCC Case Manager,ownerbuilder,NotCat3To7
11201,DeleteLicenceApplicationPermission,QBCC Case Manager,qbcc,Cat3To7
11195,DeleteLicenceApplicationPermission,QBCC Case Manager,qbcc,NotCat3To7
11203,DeleteLicenceApplicationPermission,QBCC Customer Support Officer,ownerbuilder,NotCat3To7
11192,DeleteLicenceApplicationPermission,QBCC Customer Support Officer,qbcc,NotCat3To7
11197,DeleteLicenceApplicationPermission,QBCC Customer Support Officer - Regional,qbcc,NotCat3To7
11189,DeleteLicenceApplicationPermission,QBCC Senior Assessment Officer,certification,
11205,DeleteLicenceApplicationPermission,QBCC Senior Assessment Officer,ownerbuilder,NotCat3To7
11200,DeleteLicenceApplicationPermission,QBCC Senior Assessment Officer,qbcc,Cat3To7
11194,DeleteLicenceApplicationPermission,QBCC Senior Assessment Officer,qbcc,NotCat3To7
11199,DeleteLicenceApplicationPermission,QBCC Senior Assessment Officer - Regional,qbcc,NotCat3To7
11191,DeleteLicenceApplicationPermission,QBCC Senior Compliance Assessment Officer,certification,
11207,DeleteLicenceApplicationPermission,QBCC Senior Compliance Assessment Officer,ownerbuilder,NotCat3To7
11202,DeleteLicenceApplicationPermission,QBCC Senior Compliance Assessment Officer,qbcc,Cat3To7
11196,DeleteLicenceApplicationPermission,QBCC Senior Compliance Assessment Officer,qbcc,NotCat3To7
11340,DeleteLicenceClassFromLicencePermission,BCIPA Senior Assessment Officer,bcipa,
11342,DeleteLicenceClassFromLicencePermission,Certification Assessment Officer,certification,
11341,DeleteLicenceClassFromLicencePermission,Certification Customer Support Officer,certification,
11351,DeleteLicenceClassFromLicencePermission,Plumbing and Pools Users,plumberanddrainer,
11353,DeleteLicenceClassFromLicencePermission,Plumbing and Pools Users,poolsafety,
11350,DeleteLicenceClassFromLicencePermission,Plumbing Users,plumberanddrainer,
11352,DeleteLicenceClassFromLicencePermission,Pool Safety Users,poolsafety,
11344,DeleteLicenceClassFromLicencePermission,QBCC Case Manager,certification,
11348,DeleteLicenceClassFromLicencePermission,QBCC Case Manager,qbcc,Cat3To7
11346,DeleteLicenceClassFromLicencePermission,QBCC Case Manager,qbcc,NotCat3To7
11343,DeleteLicenceClassFromLicencePermission,QBCC Senior Assessment Officer,certification,
11345,DeleteLicenceClassFromLicencePermission,QBCC Senior Compliance Assessment Officer,certification,
11349,DeleteLicenceClassFromLicencePermission,Senior FRI Unit Users,qbcc,Cat3To7
11347,DeleteLicenceClassFromLicencePermission,Senior FRI Unit Users,qbcc,NotCat3To7
11451,DeleteMaintainOccupationalLicencePermission,FRI Unit Users,,
11447,DeleteMaintainOccupationalLicencePermission,Plumbing and Pools Users,,
11445,DeleteMaintainOccupationalLicencePermission,Plumbing Users,,
11446,DeleteMaintainOccupationalLicencePermission,Pool Safety Users,,
11441,DeleteMaintainOccupationalLicencePermission,QBCC Assessment Officer,,
11449,DeleteMaintainOccupationalLicencePermission,QBCC Assessment Officer - Regional,,
11443,DeleteMaintainOccupationalLicencePermission,QBCC Case Manager,,
11440,DeleteMaintainOccupationalLicencePermission,QBCC Customer Support Officer,,
11448,DeleteMaintainOccupationalLicencePermission,QBCC Customer Support Officer - Regional,,
11442,DeleteMaintainOccupationalLicencePermission,QBCC Senior Assessment Officer,,
11450,DeleteMaintainOccupationalLicencePermission,QBCC Senior Assessment Officer - Regional,,
11444,DeleteMaintainOccupationalLicencePermission,QBCC Senior Compliance Assessment Officer,,
11452,DeleteMaintainOccupationalLicencePermission,Senior FRI Unit Users,,
11548,DeleteSuspensionOnLicencePermission,BCIPA Senior Assessment Officer,bcipa,
11550,DeleteSuspensionOnLicencePermission,Certification Assessment Officer,certification,
11549,DeleteSuspensionOnLicencePermission,Certification Customer Support Officer,certification,
11564,DeleteSuspensionOnLicencePermission,Plumbing and Pools Users,plumberanddrainer,
11566,DeleteSuspensionOnLicencePermission,Plumbing and Pools Users,poolsafety,
11563,DeleteSuspensionOnLicencePermission,Plumbing Users,plumberanddrainer,
11565,DeleteSuspensionOnLicencePermission,Pool Safety Users,poolsafety,
11552,DeleteSuspensionOnLicencePermission,QBCC Case Manager,certification,
11560,DeleteSuspensionOnLicencePermission,QBCC Case Manager,qbcc,Cat3To7
11555,DeleteSuspensionOnLicencePermission,QBCC Case Manager,qbcc,NotCat3To7
11551,DeleteSuspensionOnLicencePermission,QBCC Senior Assessment Officer,certification,
11559,DeleteSuspensionOnLicencePermission,QBCC Senior Assessment Officer,qbcc,Cat3To7
11554,DeleteSuspensionOnLicencePermission,QBCC Senior Assessment Officer,qbcc,NotCat3To7
11557,DeleteSuspensionOnLicencePermission,QBCC Senior Assessment Officer - Regional,qbcc,NotCat3To7
11553,DeleteSuspensionOnLicencePermission,QBCC Senior Compliance Assessment Officer,certification,
11561,DeleteSuspensionOnLicencePermission,QBCC Senior Compliance Assessment Officer,qbcc,Cat3To7
11556,DeleteSuspensionOnLicencePermission,QBCC Senior Compliance Assessment Officer,qbcc,NotCat3To7
11562,DeleteSuspensionOnLicencePermission,Senior FRI Unit Users,qbcc,Cat3To7
11558,DeleteSuspensionOnLicencePermission,Senior FRI Unit Users,qbcc,NotCat3To7
11859,EditDeleteLicenceHistoryPermission,BCIPA Senior Assessment Officer,bcipa,
11860,EditDeleteLicenceHistoryPermission,Certification Assessment Officer,certification,
11868,EditDeleteLicenceHistoryPermission,Plumbing and Pools Users,plumberanddrainer,
11870,EditDeleteLicenceHistoryPermission,Plumbing and Pools Users,poolsafety,
11867,EditDeleteLicenceHistoryPermission,Plumbing Users,plumberanddrainer,
11869,EditDeleteLicenceHistoryPermission,Pool Safety Users,poolsafety,
11862,EditDeleteLicenceHistoryPermission,QBCC Case Manager,certification,
11865,EditDeleteLicenceHistoryPermission,QBCC Case Manager,qbcc,
11861,EditDeleteLicenceHistoryPermission,QBCC Senior Assessment Officer,certification,
11864,EditDeleteLicenceHistoryPermission,QBCC Senior Assessment Officer,qbcc,
11863,EditDeleteLicenceHistoryPermission,QBCC Senior Compliance Assessment Officer,certification,
11866,EditDeleteLicenceHistoryPermission,QBCC Senior Compliance Assessment Officer,qbcc,
11651,MaintainClassGradesPermission,BCIPA Senior Assessment Officer,bcipa,
11653,MaintainClassGradesPermission,Certification Assessment Officer,certification,
11652,MaintainClassGradesPermission,Certification Customer Support Officer,certification,
11670,MaintainClassGradesPermission,Contact Centre Officer,ownerbuilder,
11659,MaintainClassGradesPermission,Contact Centre Officer,qbcc,
11668,MaintainClassGradesPermission,FRI Unit Users,qbcc,
11677,MaintainClassGradesPermission,Plumbing and Pools Users,plumberanddrainer,
11679,MaintainClassGradesPermission,Plumbing and Pools Users,poolsafety,
11676,MaintainClassGradesPermission,Plumbing Users,plumberanddrainer,
11678,MaintainClassGradesPermission,Pool Safety Users,poolsafety,
11655,MaintainClassGradesPermission,QBCC Assessment Officer,certification,
11672,MaintainClassGradesPermission,QBCC Assessment Officer,ownerbuilder,
11661,MaintainClassGradesPermission,QBCC Assessment Officer,qbcc,
11666,MaintainClassGradesPermission,QBCC Assessment Officer - Regional,qbcc,
11657,MaintainClassGradesPermission,QBCC Case Manager,certification,
11674,MaintainClassGradesPermission,QBCC Case Manager,ownerbuilder,
11663,MaintainClassGradesPermission,QBCC Case Manager,qbcc,
11654,MaintainClassGradesPermission,QBCC Customer Support Officer,certification,
11671,MaintainClassGradesPermission,QBCC Customer Support Officer,ownerbuilder,
11660,MaintainClassGradesPermission,QBCC Customer Support Officer,qbcc,
11665,MaintainClassGradesPermission,QBCC Customer Support Officer - Regional,qbcc,
11656,MaintainClassGradesPermission,QBCC Senior Assessment Officer,certification,
11673,MaintainClassGradesPermission,QBCC Senior Assessment Officer,ownerbuilder,
11662,MaintainClassGradesPermission,QBCC Senior Assessment Officer,qbcc,
11667,MaintainClassGradesPermission,QBCC Senior Assessment Officer - Regional,qbcc,
11658,MaintainClassGradesPermission,QBCC Senior Compliance Assessment Officer,certification,
11675,MaintainClassGradesPermission,QBCC Senior Compliance Assessment Officer,ownerbuilder,
11664,MaintainClassGradesPermission,QBCC Senior Compliance Assessment Officer,qbcc,
11669,MaintainClassGradesPermission,Senior FRI Unit Users,qbcc,
11407,MaintainConstraintEntryOnLicencePermission,BCIPA Senior Assessment Officer,bcipa,
11409,MaintainConstraintEntryOnLicencePermission,Certification Assessment Officer,certification,
11408,MaintainConstraintEntryOnLicencePermission,Certification Customer Support Officer,certification,
11425,MaintainConstraintEntryOnLicencePermission,FRI Unit Users,qbcc,Cat3To7
11420,MaintainConstraintEntryOnLicencePermission,FRI Unit Users,qbcc,NotCat3To7
11428,MaintainConstraintEntryOnLicencePermission,Plumbing and Pools Users,plumberanddrainer,
11430,MaintainConstraintEntryOnLicencePermission,Plumbing and Pools Users,poolsafety,
11427,MaintainConstraintEntryOnLicencePermission,Plumbing Users,plumberanddrainer,
11429,MaintainConstraintEntryOnLicencePermission,Pool Safety Users,poolsafety,
11410,MaintainConstraintEntryOnLicencePermission,QBCC Assessment Officer,certification,
11414,MaintainConstraintEntryOnLicencePermission,QBCC Assessment Officer,qbcc,NotCat3To7
11418,MaintainConstraintEntryOnLicencePermission,QBCC Assessment Officer - Regional,qbcc,NotCat3To7
11412,MaintainConstraintEntryOnLicencePermission,QBCC Case Manager,certification,
11423,MaintainConstraintEntryOnLicencePermission,QBCC Case Manager,qbcc,Cat3To7
11416,MaintainConstraintEntryOnLicencePermission,QBCC Case Manager,qbcc,NotCat3To7
11411,MaintainConstraintEntryOnLicencePermission,QBCC Senior Assessment Officer,certification,
11422,MaintainConstraintEntryOnLicencePermission,QBCC Senior Assessment Officer,qbcc,Cat3To7
11415,MaintainConstraintEntryOnLicencePermission,QBCC Senior Assessment Officer,qbcc,NotCat3To7
11419,MaintainConstraintEntryOnLicencePermission,QBCC Senior Assessment Officer - Regional,qbcc,NotCat3To7
11413,MaintainConstraintEntryOnLicencePermission,QBCC Senior Compliance Assessment Officer,certification,
11424,MaintainConstraintEntryOnLicencePermission,QBCC Senior Compliance Assessment Officer,qbcc,Cat3To7
11417,MaintainConstraintEntryOnLicencePermission,QBCC Senior Compliance Assessment Officer,qbcc,NotCat3To7
11426,MaintainConstraintEntryOnLicencePermission,Senior FRI Unit Users,qbcc,Cat3To7
11421,MaintainConstraintEntryOnLicencePermission,Senior FRI Unit Users,qbcc,NotCat3To7
11367,MaintainFinancialReportPermission,FRI Unit Users,qbcc,Cat3To7
11362,MaintainFinancialReportPermission,FRI Unit Users,qbcc,NotCat3To7
11355,MaintainFinancialReportPermission,QBCC Assessment Officer,qbcc,NotCat3To7
11360,MaintainFinancialReportPermission,QBCC Assessment Officer - Regional,qbcc,NotCat3To7
11365,MaintainFinancialReportPermission,QBCC Case Manager,qbcc,Cat3To7
11357,MaintainFinancialReportPermission,QBCC Case Manager,qbcc,NotCat3To7
11354,MaintainFinancialReportPermission,QBCC Customer Support Officer,qbcc,NotCat3To7
11359,MaintainFinancialReportPermission,QBCC Customer Support Officer - Regional,qbcc,NotCat3To7
11364,MaintainFinancialReportPermission,QBCC Senior Assessment Officer,qbcc,Cat3To7
11356,MaintainFinancialReportPermission,QBCC Senior Assessment Officer,qbcc,NotCat3To7
11361,MaintainFinancialReportPermission,QBCC Senior Assessment Officer - Regional,qbcc,NotCat3To7
11366,MaintainFinancialReportPermission,QBCC Senior Compliance Assessment Officer,qbcc,Cat3To7
11358,MaintainFinancialReportPermission,QBCC Senior Compliance Assessment Officer,qbcc,NotCat3To7
11368,MaintainFinancialReportPermission,Senior FRI Unit Users,qbcc,Cat3To7
11363,MaintainFinancialReportPermission,Senior FRI Unit Users,qbcc,NotCat3To7
11485,MaintainInsurancePermission,BCIPA Administration Officer,,
11486,MaintainInsurancePermission,BCIPA Senior Assessment Officer,,
11488,MaintainInsurancePermission,Certification Assessment Officer,,
11487,MaintainInsurancePermission,Certification Customer Support Officer,,
11500,MaintainInsurancePermission,FRI Unit Users,,
11496,MaintainInsurancePermission,Plumbing and Pools Users,,
11494,MaintainInsurancePermission,Plumbing Users,,
11495,MaintainInsurancePermission,Pool Safety Users,,
11490,MaintainInsurancePermission,QBCC Assessment Officer,,
11498,MaintainInsurancePermission,QBCC Assessment Officer - Regional,,
11492,MaintainInsurancePermission,QBCC Case Manager,,
11489,MaintainInsurancePermission,QBCC Customer Support Officer,,
11497,MaintainInsurancePermission,QBCC Customer Support Officer - Regional,,
11491,MaintainInsurancePermission,QBCC Senior Assessment Officer,,
11499,MaintainInsurancePermission,QBCC Senior Assessment Officer - Regional,,
11493,MaintainInsurancePermission,QBCC Senior Compliance Assessment Officer,,
11501,MaintainInsurancePermission,Senior FRI Unit Users,,
11471,MaintainInterstateLicencePermission,Certification Assessment Officer,,
11470,MaintainInterstateLicencePermission,Certification Customer Support Officer,,
11483,MaintainInterstateLicencePermission,FRI Unit Users,,
11479,MaintainInterstateLicencePermission,Plumbing and Pools Users,,
11477,MaintainInterstateLicencePermission,Plumbing Users,,
11478,MaintainInterstateLicencePermission,Pool Safety Users,,
11473,MaintainInterstateLicencePermission,QBCC Assessment Officer,,
11481,MaintainInterstateLicencePermission,QBCC Assessment Officer - Regional,,
11475,MaintainInterstateLicencePermission,QBCC Case Manager,,
11472,MaintainInterstateLicencePermission,QBCC Customer Support Officer,,
11480,MaintainInterstateLicencePermission,QBCC Customer Support Officer - Regional,,
11474,MaintainInterstateLicencePermission,QBCC Senior Assessment Officer,,
11482,MaintainInterstateLicencePermission,QBCC Senior Assessment Officer - Regional,,
11476,MaintainInterstateLicencePermission,QBCC Senior Compliance Assessment Officer,,
11484,MaintainInterstateLicencePermission,Senior FRI Unit Users,,
11045,MaintainLicenceApplicationPermission,BCIPA Administration Officer,bcipa,
11046,MaintainLicenceApplicationPermission,BCIPA Senior Assessment Officer,bcipa,
11048,MaintainLicenceApplicationPermission,Certification Assessment Officer,certification,
11047,MaintainLicenceApplicationPermission,Certification Customer Support Officer,certification,
11071,MaintainLicenceApplicationPermission,Plumbing and Pools Users,plumberanddrainer,
11073,MaintainLicenceApplicationPermission,Plumbing and Pools Users,poolsafety,
11070,MaintainLicenceApplicationPermission,Plumbing Users,plumberanddrainer,
11072,MaintainLicenceApplicationPermission,Pool Safety Users,poolsafety,
11049,MaintainLicenceApplicationPermission,QBCC Assessment Officer,certification,
11063,MaintainLicenceApplicationPermission,QBCC Assessment Officer,ownerbuilder,
11054,MaintainLicenceApplicationPermission,QBCC Assessment Officer,qbcc,
11068,MaintainLicenceApplicationPermission,QBCC Assessment Officer - Regional,ownerbuilder,
11059,MaintainLicenceApplicationPermission,QBCC Assessment Officer - Regional,qbcc,
11051,MaintainLicenceApplicationPermission,QBCC Case Manager,certification,
11065,MaintainLicenceApplicationPermission,QBCC Case Manager,ownerbuilder,
11056,MaintainLicenceApplicationPermission,QBCC Case Manager,qbcc,
11062,MaintainLicenceApplicationPermission,QBCC Customer Support Officer,ownerbuilder,
11053,MaintainLicenceApplicationPermission,QBCC Customer Support Officer,qbcc,
11067,MaintainLicenceApplicationPermission,QBCC Customer Support Officer - Regional,ownerbuilder,
11058,MaintainLicenceApplicationPermission,QBCC Customer Support Officer - Regional,qbcc,
11050,MaintainLicenceApplicationPermission,QBCC Senior Assessment Officer,certification,
11064,MaintainLicenceApplicationPermission,QBCC Senior Assessment Officer,ownerbuilder,
11055,MaintainLicenceApplicationPermission,QBCC Senior Assessment Officer,qbcc,
11069,MaintainLicenceApplicationPermission,QBCC Senior Assessment Officer - Regional,ownerbuilder,
11060,MaintainLicenceApplicationPermission,QBCC Senior Assessment Officer - Regional,qbcc,
11052,MaintainLicenceApplicationPermission,QBCC Senior Compliance Assessment Officer,certification,
11066,MaintainLicenceApplicationPermission,QBCC Senior Compliance Assessment Officer,ownerbuilder,
11057,MaintainLicenceApplicationPermission,QBCC Senior Compliance Assessment Officer,qbcc,
11061,MaintainLicenceApplicationPermission,Senior FRI Unit Users,qbcc,
11789,MaintainLicenceCardMaintenancePermission,FRI Unit Users,qbcc,Cat3To7
11779,MaintainLicenceCardMaintenancePermission,FRI Unit Users,qbcc,NotCat3To7
11792,MaintainLicenceCardMaintenancePermission,Plumbing and Pools Users,plumberanddrainer,
11794,MaintainLicenceCardMaintenancePermission,Plumbing and Pools Users,poolsafety,
11791,MaintainLicenceCardMaintenancePermission,Plumbing Users,plumberanddrainer,
11793,MaintainLicenceCardMaintenancePermission,Pool Safety Users,poolsafety,
11782,MaintainLicenceCardMaintenancePermission,QBCC Assessment Officer,qbcc,Cat3To7
11772,MaintainLicenceCardMaintenancePermission,QBCC Assessment Officer,qbcc,NotCat3To7
11787,MaintainLicenceCardMaintenancePermission,QBCC Assessment Officer - Regional,qbcc,Cat3To7
11777,MaintainLicenceCardMaintenancePermission,QBCC Assessment Officer - Regional,qbcc,NotCat3To7
11784,MaintainLicenceCardMaintenancePermission,QBCC Case Manager,qbcc,Cat3To7
11774,MaintainLicenceCardMaintenancePermission,QBCC Case Manager,qbcc,NotCat3To7
11781,MaintainLicenceCardMaintenancePermission,QBCC Customer Support Officer,qbcc,Cat3To7
11771,MaintainLicenceCardMaintenancePermission,QBCC Customer Support Officer,qbcc,NotCat3To7
11786,MaintainLicenceCardMaintenancePermission,QBCC Customer Support Officer - Regional,qbcc,Cat3To7
11776,MaintainLicenceCardMaintenancePermission,QBCC Customer Support Officer - Regional,qbcc,NotCat3To7
11783,MaintainLicenceCardMaintenancePermission,QBCC Senior Assessment Officer,qbcc,Cat3To7
11773,MaintainLicenceCardMaintenancePermission,QBCC Senior Assessment Officer,qbcc,NotCat3To7
11788,MaintainLicenceCardMaintenancePermission,QBCC Senior Assessment Officer - Regional,qbcc,Cat3To7
11778,MaintainLicenceCardMaintenancePermission,QBCC Senior Assessment Officer - Regional,qbcc,NotCat3To7
11785,MaintainLicenceCardMaintenancePermission,QBCC Senior Compliance Assessment Officer,qbcc,Cat3To7
11775,MaintainLicenceCardMaintenancePermission,QBCC Senior Compliance Assessment Officer,qbcc,NotCat3To7
11790,MaintainLicenceCardMaintenancePermission,Senior FRI Unit Users,qbcc,Cat3To7
11780,MaintainLicenceCardMaintenancePermission,Senior FRI Unit Users,qbcc,NotCat3To7
11768,MaintainLicenceCertificateMaintenancePermission,Plumbing and Pools Users,plumberanddrainer,
11770,MaintainLicenceCertificateMaintenancePermission,Plumbing and Pools Users,poolsafety,
11767,MaintainLicenceCertificateMaintenancePermission,Plumbing Users,plumberanddrainer,
11769,MaintainLicenceCertificateMaintenancePermission,Pool Safety Users,poolsafety,
11760,MaintainLicenceCertificateMaintenancePermission,QBCC Assessment Officer,qbcc,Cat3To7
11752,MaintainLicenceCertificateMaintenancePermission,QBCC Assessment Officer,qbcc,NotCat3To7
11765,MaintainLicenceCertificateMaintenancePermission,QBCC Assessment Officer - Regional,qbcc,Cat3To7
11757,MaintainLicenceCertificateMaintenancePermission,QBCC Assessment Officer - Regional,qbcc,NotCat3To7
11762,MaintainLicenceCertificateMaintenancePermission,QBCC Case Manager,qbcc,Cat3To7
11754,MaintainLicenceCertificateMaintenancePermission,QBCC Case Manager,qbcc,NotCat3To7
11759,MaintainLicenceCertificateMaintenancePermission,QBCC Customer Support Officer,qbcc,Cat3To7
11751,MaintainLicenceCertificateMaintenancePermission,QBCC Customer Support Officer,qbcc,NotCat3To7
11764,MaintainLicenceCertificateMaintenancePermission,QBCC Customer Support Officer - Regional,qbcc,Cat3To7
11756,MaintainLicenceCertificateMaintenancePermission,QBCC Customer Support Officer - Regional,qbcc,NotCat3To7
11761,MaintainLicenceCertificateMaintenancePermission,QBCC Senior Assessment Officer,qbcc,Cat3To7
11753,MaintainLicenceCertificateMaintenancePermission,QBCC Senior Assessment Officer,qbcc,NotCat3To7
11766,MaintainLicenceCertificateMaintenancePermission,QBCC Senior Assessment Officer - Regional,qbcc,Cat3To7
11758,MaintainLicenceCertificateMaintenancePermission,QBCC Senior Assessment Officer - Regional,qbcc,NotCat3To7
11763,MaintainLicenceCertificateMaintenancePermission,QBCC Senior Compliance Assessment Officer,qbcc,Cat3To7
11755,MaintainLicenceCertificateMaintenancePermission,QBCC Senior Compliance Assessment Officer,qbcc,NotCat3To7
11282,MaintainLicencePermission,BCIPA Administration Officer,bcipa,
11283,MaintainLicencePermission,BCIPA Senior Assessment Officer,bcipa,
11285,MaintainLicencePermission,Certification Assessment Officer,certification,
11284,MaintainLicencePermission,Certification Customer Support Officer,certification,
11306,MaintainLicencePermission,Contact Centre Officer,ownerbuilder,NotCat3To7
11290,MaintainLicencePermission,Contact Centre Officer,qbcc,NotCat3To7
11304,MaintainLicencePermission,FRI Unit Users,qbcc,Cat3To7
11299,MaintainLicencePermission,FRI Unit Users,qbcc,NotCat3To7
11313,MaintainLicencePermission,Plumbing and Pools Users,plumberanddrainer,
11315,MaintainLicencePermission,Plumbing and Pools Users,poolsafety,
11312,MaintainLicencePermission,Plumbing Users,plumberanddrainer,
11314,MaintainLicencePermission,Pool Safety Users,poolsafety,
11286,MaintainLicencePermission,QBCC Assessment Officer,certification,
11308,MaintainLicencePermission,QBCC Assessment Officer,ownerbuilder,NotCat3To7
11292,MaintainLicencePermission,QBCC Assessment Officer,qbcc,NotCat3To7
11297,MaintainLicencePermission,QBCC Assessment Officer - Regional,qbcc,NotCat3To7
11288,MaintainLicencePermission,QBCC Case Manager,certification,
11310,MaintainLicencePermission,QBCC Case Manager,ownerbuilder,NotCat3To7
11302,MaintainLicencePermission,QBCC Case Manager,qbcc,Cat3To7
11294,MaintainLicencePermission,QBCC Case Manager,qbcc,NotCat3To7
11307,MaintainLicencePermission,QBCC Customer Support Officer,ownerbuilder,NotCat3To7
11291,MaintainLicencePermission,QBCC Customer Support Officer,qbcc,NotCat3To7
11296,MaintainLicencePermission,QBCC Customer Support Officer - Regional,qbcc,NotCat3To7
11287,MaintainLicencePermission,QBCC Senior Assessment Officer,certification,
11309,MaintainLicencePermission,QBCC Senior Assessment Officer,ownerbuilder,NotCat3To7
11301,MaintainLicencePermission,QBCC Senior Assessment Officer,qbcc,Cat3To7
11293,MaintainLicencePermission,QBCC Senior Assessment Officer,qbcc,NotCat3To7
11298,MaintainLicencePermission,QBCC Senior Assessment Officer - Regional,qbcc,NotCat3To7
11289,MaintainLicencePermission,QBCC Senior Compliance Assessment Officer,certification,
11311,MaintainLicencePermission,QBCC Senior Compliance Assessment Officer,ownerbuilder,NotCat3To7
11303,MaintainLicencePermission,QBCC Senior Compliance Assessment Officer,qbcc,Cat3To7
11295,MaintainLicencePermission,QBCC Senior Compliance Assessment Officer,qbcc,NotCat3To7
11305,MaintainLicencePermission,Senior FRI Unit Users,qbcc,Cat3To7
11300,MaintainLicencePermission,Senior FRI Unit Users,qbcc,NotCat3To7
11212,MaintainLicenceRenewalPermission,BCIPA Administration Officer,bcipa,
11213,MaintainLicenceRenewalPermission,BCIPA Senior Assessment Officer,bcipa,
11216,MaintainLicenceRenewalPermission,Certification Assessment Officer,certification,
11215,MaintainLicenceRenewalPermission,Certification Customer Support Officer,certification,
11233,MaintainLicenceRenewalPermission,Contact Centre Officer,qbcc,Cat3To7
11222,MaintainLicenceRenewalPermission,Contact Centre Officer,qbcc,NotCat3To7
11214,MaintainLicenceRenewalPermission,Online Services,bcipa,
11221,MaintainLicenceRenewalPermission,Online Services,certification,
11237,MaintainLicenceRenewalPermission,Online Services,qbcc,Cat3To7
11228,MaintainLicenceRenewalPermission,Online Services,qbcc,NotCat3To7
11240,MaintainLicenceRenewalPermission,Plumbing and Pools Users,plumberanddrainer,
11242,MaintainLicenceRenewalPermission,Plumbing and Pools Users,poolsafety,
11239,MaintainLicenceRenewalPermission,Plumbing Users,plumberanddrainer,
11241,MaintainLicenceRenewalPermission,Pool Safety Users,poolsafety,
11217,MaintainLicenceRenewalPermission,QBCC Assessment Officer,certification,
11224,MaintainLicenceRenewalPermission,QBCC Assessment Officer,qbcc,NotCat3To7
11230,MaintainLicenceRenewalPermission,QBCC Assessment Officer - Regional,qbcc,NotCat3To7
11219,MaintainLicenceRenewalPermission,QBCC Case Manager,certification,
11235,MaintainLicenceRenewalPermission,QBCC Case Manager,qbcc,Cat3To7
11226,MaintainLicenceRenewalPermission,QBCC Case Manager,qbcc,NotCat3To7
11223,MaintainLicenceRenewalPermission,QBCC Customer Support Officer,qbcc,NotCat3To7
11229,MaintainLicenceRenewalPermission,QBCC Customer Support Officer - Regional,qbcc,NotCat3To7
11218,MaintainLicenceRenewalPermission,QBCC Senior Assessment Officer,certification,
11234,MaintainLicenceRenewalPermission,QBCC Senior Assessment Officer,qbcc,Cat3To7
11225,MaintainLicenceRenewalPermission,QBCC Senior Assessment Officer,qbcc,NotCat3To7
11231,MaintainLicenceRenewalPermission,QBCC Senior Assessment Officer - Regional,qbcc,NotCat3To7
11220,MaintainLicenceRenewalPermission,QBCC Senior Compliance Assessment Officer,certification,
11236,MaintainLicenceRenewalPermission,QBCC Senior Compliance Assessment Officer,qbcc,Cat3To7
11227,MaintainLicenceRenewalPermission,QBCC Senior Compliance Assessment Officer,qbcc,NotCat3To7
11238,MaintainLicenceRenewalPermission,Senior FRI Unit Users,qbcc,Cat3To7
11232,MaintainLicenceRenewalPermission,Senior FRI Unit Users,qbcc,NotCat3To7
11540,MaintainProfessionalRegistrationPermission,Certification Assessment Officer,,
11539,MaintainProfessionalRegistrationPermission,Certification Customer Support Officer,,
11547,MaintainProfessionalRegistrationPermission,Plumbing and Pools Users,,
11545,MaintainProfessionalRegistrationPermission,Plumbing Users,,
11546,MaintainProfessionalRegistrationPermission,Pool Safety Users,,
11541,MaintainProfessionalRegistrationPermission,QBCC Assessment Officer,,
11543,MaintainProfessionalRegistrationPermission,QBCC Case Manager,,
11542,MaintainProfessionalRegistrationPermission,QBCC Senior Assessment Officer,,
11544,MaintainProfessionalRegistrationPermission,QBCC Senior Compliance Assessment Officer,,
11453,MaintainQualificationPermission,BCIPA Administration Officer,,
11454,MaintainQualificationPermission,BCIPA Senior Assessment Officer,,
11456,MaintainQualificationPermission,Certification Assessment Officer,,
11455,MaintainQualificationPermission,Certification Customer Support Officer,,
11468,MaintainQualificationPermission,FRI Unit Users,,
11464,MaintainQualificationPermission,Plumbing and Pools Users,,
11462,MaintainQualificationPermission,Plumbing Users,,
11463,MaintainQualificationPermission,Pool Safety Users,,
11458,MaintainQualificationPermission,QBCC Assessment Officer,,
11466,MaintainQualificationPermission,QBCC Assessment Officer - Regional,,
11460,MaintainQualificationPermission,QBCC Case Manager,,
11457,MaintainQualificationPermission,QBCC Customer Support Officer,,
11465,MaintainQualificationPermission,QBCC Customer Support Officer - Regional,,
11459,MaintainQualificationPermission,QBCC Senior Assessment Officer,,
11467,MaintainQualificationPermission,QBCC Senior Assessment Officer - Regional,,
11461,MaintainQualificationPermission,QBCC Senior Compliance Assessment Officer,,
11469,MaintainQualificationPermission,Senior FRI Unit Users,,
11832,MaintainSensitiveNotesAuthority,Sensitive Notes Maintainer,qbcc,
11802,ProcessPrintLicenceCardMaintenancePermission,Plumbing and Pools Users,,
11800,ProcessPrintLicenceCardMaintenancePermission,Plumbing Users,,
11801,ProcessPrintLicenceCardMaintenancePermission,Pool Safety Users,,
11796,ProcessPrintLicenceCardMaintenancePermission,QBCC Assessment Officer,,
11798,ProcessPrintLicenceCardMaintenancePermission,QBCC Case Manager,,
11795,ProcessPrintLicenceCardMaintenancePermission,QBCC Customer Support Officer,,
11797,ProcessPrintLicenceCardMaintenancePermission,QBCC Senior Assessment Officer,,
11799,ProcessPrintLicenceCardMaintenancePermission,QBCC Senior Compliance Assessment Officer,,
11804,ProcessPrintLicenceCertificateMaintenancePermission,QBCC Assessment Officer,,
11806,ProcessPrintLicenceCertificateMaintenancePermission,QBCC Case Manager,,
11803,ProcessPrintLicenceCertificateMaintenancePermission,QBCC Customer Support Officer,,
11805,ProcessPrintLicenceCertificateMaintenancePermission,QBCC Senior Assessment Officer,,
11807,ProcessPrintLicenceCertificateMaintenancePermission,QBCC Senior Compliance Assessment Officer,,
11316,ProposeNewRenewalDatePermission,BCIPA Senior Assessment Officer,bcipa,
11317,ProposeNewRenewalDatePermission,Certification Assessment Officer,certification,
11319,ProposeNewRenewalDatePermission,QBCC Case Manager,certification,
11325,ProposeNewRenewalDatePermission,QBCC Case Manager,qbcc,Cat3To7
11322,ProposeNewRenewalDatePermission,QBCC Case Manager,qbcc,NotCat3To7
11318,ProposeNewRenewalDatePermission,QBCC Senior Assessment Officer,certification,
11321,ProposeNewRenewalDatePermission,QBCC Senior Assessment Officer,qbcc,NotCat3To7
11324,ProposeNewRenewalDatePermission,QBCC Senior Assessment Officer - Regional,qbcc,NotCat3To7
11320,ProposeNewRenewalDatePermission,QBCC Senior Compliance Assessment Officer,certification,
11326,ProposeNewRenewalDatePermission,QBCC Senior Compliance Assessment Officer,qbcc,Cat3To7
11323,ProposeNewRenewalDatePermission,QBCC Senior Compliance Assessment Officer,qbcc,NotCat3To7
11725,QueueLicenceCardPermission,FRI Unit Users,qbcc,Cat3To7
11715,QueueLicenceCardPermission,FRI Unit Users,qbcc,NotCat3To7
11728,QueueLicenceCardPermission,Plumbing and Pools Users,plumberanddrainer,
11730,QueueLicenceCardPermission,Plumbing and Pools Users,poolsafety,
11727,QueueLicenceCardPermission,Plumbing Users,plumberanddrainer,
11729,QueueLicenceCardPermission,Pool Safety Users,poolsafety,
11718,QueueLicenceCardPermission,QBCC Assessment Officer,qbcc,Cat3To7
11708,QueueLicenceCardPermission,QBCC Assessment Officer,qbcc,NotCat3To7
11723,QueueLicenceCardPermission,QBCC Assessment Officer - Regional,qbcc,Cat3To7
11713,QueueLicenceCardPermission,QBCC Assessment Officer - Regional,qbcc,NotCat3To7
11720,QueueLicenceCardPermission,QBCC Case Manager,qbcc,Cat3To7
11710,QueueLicenceCardPermission,QBCC Case Manager,qbcc,NotCat3To7
11717,QueueLicenceCardPermission,QBCC Customer Support Officer,qbcc,Cat3To7
11707,QueueLicenceCardPermission,QBCC Customer Support Officer,qbcc,NotCat3To7
11722,QueueLicenceCardPermission,QBCC Customer Support Officer - Regional,qbcc,Cat3To7
11712,QueueLicenceCardPermission,QBCC Customer Support Officer - Regional,qbcc,NotCat3To7
11719,QueueLicenceCardPermission,QBCC Senior Assessment Officer,qbcc,Cat3To7
11709,QueueLicenceCardPermission,QBCC Senior Assessment Officer,qbcc,NotCat3To7
11724,QueueLicenceCardPermission,QBCC Senior Assessment Officer - Regional,qbcc,Cat3To7
11714,QueueLicenceCardPermission,QBCC Senior Assessment Officer - Regional,qbcc,NotCat3To7
11721,QueueLicenceCardPermission,QBCC Senior Compliance Assessment Officer,qbcc,Cat3To7
11711,QueueLicenceCardPermission,QBCC Senior Compliance Assessment Officer,qbcc,NotCat3To7
11726,QueueLicenceCardPermission,Senior FRI Unit Users,qbcc,Cat3To7
11716,QueueLicenceCardPermission,Senior FRI Unit Users,qbcc,NotCat3To7
11748,QueueLicenceCertificatePermission,Plumbing and Pools Users,plumberanddrainer,
11750,QueueLicenceCertificatePermission,Plumbing and Pools Users,poolsafety,
11747,QueueLicenceCertificatePermission,Plumbing Users,plumberanddrainer,
11749,QueueLicenceCertificatePermission,Pool Safety Users,poolsafety,
11740,QueueLicenceCertificatePermission,QBCC Assessment Officer,qbcc,Cat3To7
11732,QueueLicenceCertificatePermission,QBCC Assessment Officer,qbcc,NotCat3To7
11745,QueueLicenceCertificatePermission,QBCC Assessment Officer - Regional,qbcc,Cat3To7
11737,QueueLicenceCertificatePermission,QBCC Assessment Officer - Regional,qbcc,NotCat3To7
11742,QueueLicenceCertificatePermission,QBCC Case Manager,qbcc,Cat3To7
11734,QueueLicenceCertificatePermission,QBCC Case Manager,qbcc,NotCat3To7
11739,QueueLicenceCertificatePermission,QBCC Customer Support Officer,qbcc,Cat3To7
11731,QueueLicenceCertificatePermission,QBCC Customer Support Officer,qbcc,NotCat3To7
11744,QueueLicenceCertificatePermission,QBCC Customer Support Officer - Regional,qbcc,Cat3To7
11736,QueueLicenceCertificatePermission,QBCC Customer Support Officer - Regional,qbcc,NotCat3To7
11741,QueueLicenceCertificatePermission,QBCC Senior Assessment Officer,qbcc,Cat3To7
11733,QueueLicenceCertificatePermission,QBCC Senior Assessment Officer,qbcc,NotCat3To7
11746,QueueLicenceCertificatePermission,QBCC Senior Assessment Officer - Regional,qbcc,Cat3To7
11738,QueueLicenceCertificatePermission,QBCC Senior Assessment Officer - Regional,qbcc,NotCat3To7
11743,QueueLicenceCertificatePermission,QBCC Senior Compliance Assessment Officer,qbcc,Cat3To7
11735,QueueLicenceCertificatePermission,QBCC Senior Compliance Assessment Officer,qbcc,NotCat3To7
11588,ReactivateLicenceClassPermission,BCIPA Senior Assessment Officer,bcipa,
11590,ReactivateLicenceClassPermission,Certification Assessment Officer,certification,
11589,ReactivateLicenceClassPermission,Certification Customer Support Officer,certification,
11605,ReactivateLicenceClassPermission,Plumbing and Pools Users,plumberanddrainer,
11607,ReactivateLicenceClassPermission,Plumbing and Pools Users,poolsafety,
11604,ReactivateLicenceClassPermission,Plumbing Users,plumberanddrainer,
11606,ReactivateLicenceClassPermission,Pool Safety Users,poolsafety,
11594,ReactivateLicenceClassPermission,QBCC Assessment Officer,qbcc,
11598,ReactivateLicenceClassPermission,QBCC Assessment Officer - Regional,qbcc,
11592,ReactivateLicenceClassPermission,QBCC Case Manager,certification,
11602,ReactivateLicenceClassPermission,QBCC Case Manager,ownerbuilder,
11596,ReactivateLicenceClassPermission,QBCC Case Manager,qbcc,
11591,ReactivateLicenceClassPermission,QBCC Senior Assessment Officer,certification,
11601,ReactivateLicenceClassPermission,QBCC Senior Assessment Officer,ownerbuilder,
11595,ReactivateLicenceClassPermission,QBCC Senior Assessment Officer,qbcc,
11599,ReactivateLicenceClassPermission,QBCC Senior Assessment Officer - Regional,qbcc,
11593,ReactivateLicenceClassPermission,QBCC Senior Compliance Assessment Officer,certification,
11603,ReactivateLicenceClassPermission,QBCC Senior Compliance Assessment Officer,ownerbuilder,
11597,ReactivateLicenceClassPermission,QBCC Senior Compliance Assessment Officer,qbcc,
11600,ReactivateLicenceClassPermission,Senior FRI Unit Users,qbcc,
11836,RemoveRestorationFeeAuthority,Plumbing and Pools Users,plumberanddrainer,
11838,RemoveRestorationFeeAuthority,Plumbing and Pools Users,poolsafety,
11835,RemoveRestorationFeeAuthority,Plumbing Users,plumberanddrainer,
11837,RemoveRestorationFeeAuthority,Pool Safety Users,poolsafety,
11834,RemoveRestorationFeeAuthority,QBCC Case Manager,qbcc,
11523,ReopenCancelledLicenceRenewalPermission,BCIPA Senior Assessment Officer,bcipa,
11524,ReopenCancelledLicenceRenewalPermission,Certification Assessment Officer,certification,
11536,ReopenCancelledLicenceRenewalPermission,Plumbing and Pools Users,plumberanddrainer,
11538,ReopenCancelledLicenceRenewalPermission,Plumbing and Pools Users,poolsafety,
11535,ReopenCancelledLicenceRenewalPermission,Plumbing Users,plumberanddrainer,
11537,ReopenCancelledLicenceRenewalPermission,Pool Safety Users,poolsafety,
11526,ReopenCancelledLicenceRenewalPermission,QBCC Case Manager,certification,
11533,ReopenCancelledLicenceRenewalPermission,QBCC Case Manager,qbcc,Cat3To7
11529,ReopenCancelledLicenceRenewalPermission,QBCC Case Manager,qbcc,NotCat3To7
11525,ReopenCancelledLicenceRenewalPermission,QBCC Senior Assessment Officer,certification,
11532,ReopenCancelledLicenceRenewalPermission,QBCC Senior Assessment Officer,qbcc,Cat3To7
11528,ReopenCancelledLicenceRenewalPermission,QBCC Senior Assessment Officer,qbcc,NotCat3To7
11531,ReopenCancelledLicenceRenewalPermission,QBCC Senior Assessment Officer - Regional,qbcc,NotCat3To7
11527,ReopenCancelledLicenceRenewalPermission,QBCC Senior Compliance Assessment Officer,certification,
11534,ReopenCancelledLicenceRenewalPermission,QBCC Senior Compliance Assessment Officer,qbcc,Cat3To7
11530,ReopenCancelledLicenceRenewalPermission,QBCC Senior Compliance Assessment Officer,qbcc,NotCat3To7
11100,ReopenLicenceApplicationAfter3MonthsPermission,BCIPA Senior Assessment Officer,bcipa,
11101,ReopenLicenceApplicationAfter3MonthsPermission,Certification Assessment Officer,certification,
11115,ReopenLicenceApplicationAfter3MonthsPermission,Plumbing and Pools Users,plumberanddrainer,
11117,ReopenLicenceApplicationAfter3MonthsPermission,Plumbing and Pools Users,poolsafety,
11114,ReopenLicenceApplicationAfter3MonthsPermission,Plumbing Users,plumberanddrainer,
11116,ReopenLicenceApplicationAfter3MonthsPermission,Pool Safety Users,poolsafety,
11103,ReopenLicenceApplicationAfter3MonthsPermission,QBCC Case Manager,certification,
11111,ReopenLicenceApplicationAfter3MonthsPermission,QBCC Case Manager,qbcc,Cat3To7
11106,ReopenLicenceApplicationAfter3MonthsPermission,QBCC Case Manager,qbcc,NotCat3To7
11102,ReopenLicenceApplicationAfter3MonthsPermission,QBCC Senior Assessment Officer,certification,
11110,ReopenLicenceApplicationAfter3MonthsPermission,QBCC Senior Assessment Officer,qbcc,Cat3To7
11105,ReopenLicenceApplicationAfter3MonthsPermission,QBCC Senior Assessment Officer,qbcc,NotCat3To7
11108,ReopenLicenceApplicationAfter3MonthsPermission,QBCC Senior Assessment Officer - Regional,qbcc,NotCat3To7
11104,ReopenLicenceApplicationAfter3MonthsPermission,QBCC Senior Compliance Assessment Officer,certification,
11112,ReopenLicenceApplicationAfter3MonthsPermission,QBCC Senior Compliance Assessment Officer,qbcc,Cat3To7
11107,ReopenLicenceApplicationAfter3MonthsPermission,QBCC Senior Compliance Assessment Officer,qbcc,NotCat3To7
11113,ReopenLicenceApplicationAfter3MonthsPermission,Senior FRI Unit Users,qbcc,Cat3To7
11109,ReopenLicenceApplicationAfter3MonthsPermission,Senior FRI Unit Users,qbcc,NotCat3To7
11074,ReopenLicenceApplicationWithin3MonthsPermission,BCIPA Senior Assessment Officer,bcipa,
11076,ReopenLicenceApplicationWithin3MonthsPermission,Certification Assessment Officer,certification,
11075,ReopenLicenceApplicationWithin3MonthsPermission,Certification Customer Support Officer,certification,
11097,ReopenLicenceApplicationWithin3MonthsPermission,Plumbing and Pools Users,plumberanddrainer,
11099,ReopenLicenceApplicationWithin3MonthsPermission,Plumbing and Pools Users,poolsafety,
11096,ReopenLicenceApplicationWithin3MonthsPermission,Plumbing Users,plumberanddrainer,
11098,ReopenLicenceApplicationWithin3MonthsPermission,Pool Safety Users,poolsafety,
11077,ReopenLicenceApplicationWithin3MonthsPermission,QBCC Assessment Officer,certification,
11092,ReopenLicenceApplicationWithin3MonthsPermission,QBCC Assessment Officer,ownerbuilder,NotCat3To7
11081,ReopenLicenceApplicationWithin3MonthsPermission,QBCC Assessment Officer,qbcc,NotCat3To7
11085,ReopenLicenceApplicationWithin3MonthsPermission,QBCC Assessment Officer - Regional,qbcc,NotCat3To7
11079,ReopenLicenceApplicationWithin3MonthsPermission,QBCC Case Manager,certification,
11094,ReopenLicenceApplicationWithin3MonthsPermission,QBCC Case Manager,ownerbuilder,NotCat3To7
11089,ReopenLicenceApplicationWithin3MonthsPermission,QBCC Case Manager,qbcc,Cat3To7
11083,ReopenLicenceApplicationWithin3MonthsPermission,QBCC Case Manager,qbcc,NotCat3To7
11078,ReopenLicenceApplicationWithin3MonthsPermission,QBCC Senior Assessment Officer,certification,
11093,ReopenLicenceApplicationWithin3MonthsPermission,QBCC Senior Assessment Officer,ownerbuilder,NotCat3To7
11088,ReopenLicenceApplicationWithin3MonthsPermission,QBCC Senior Assessment Officer,qbcc,Cat3To7
11082,ReopenLicenceApplicationWithin3MonthsPermission,QBCC Senior Assessment Officer,qbcc,NotCat3To7
11086,ReopenLicenceApplicationWithin3MonthsPermission,QBCC Senior Assessment Officer - Regional,qbcc,NotCat3To7
11080,ReopenLicenceApplicationWithin3MonthsPermission,QBCC Senior Compliance Assessment Officer,certification,
11095,ReopenLicenceApplicationWithin3MonthsPermission,QBCC Senior Compliance Assessment Officer,ownerbuilder,NotCat3To7
11090,ReopenLicenceApplicationWithin3MonthsPermission,QBCC Senior Compliance Assessment Officer,qbcc,Cat3To7
11084,ReopenLicenceApplicationWithin3MonthsPermission,QBCC Senior Compliance Assessment Officer,qbcc,NotCat3To7
11091,ReopenLicenceApplicationWithin3MonthsPermission,Senior FRI Unit Users,qbcc,Cat3To7
11087,ReopenLicenceApplicationWithin3MonthsPermission,Senior FRI Unit Users,qbcc,NotCat3To7
11839,RestoreCancelledLicenceRenewalPermission3mths,BCIPA Senior Assessment Officer,bcipa,
11840,RestoreCancelledLicenceRenewalPermission3mths,Certification Assessment Officer,certification,
11856,RestoreCancelledLicenceRenewalPermission3mths,Plumbing and Pools Users,plumberanddrainer,
11858,RestoreCancelledLicenceRenewalPermission3mths,Plumbing and Pools Users,poolsafety,
11855,RestoreCancelledLicenceRenewalPermission3mths,Plumbing Users,plumberanddrainer,
11857,RestoreCancelledLicenceRenewalPermission3mths,Pool Safety Users,poolsafety,
11841,RestoreCancelledLicenceRenewalPermission3mths,QBCC Assessment Officer,certification,
11845,RestoreCancelledLicenceRenewalPermission3mths,QBCC Assessment Officer,qbcc,NotCat3To7
11849,RestoreCancelledLicenceRenewalPermission3mths,QBCC Assessment Officer - Regional,qbcc,NotCat3To7
11843,RestoreCancelledLicenceRenewalPermission3mths,QBCC Case Manager,certification,
11852,RestoreCancelledLicenceRenewalPermission3mths,QBCC Case Manager,qbcc,Cat3To7
11847,RestoreCancelledLicenceRenewalPermission3mths,QBCC Case Manager,qbcc,NotCat3To7
11842,RestoreCancelledLicenceRenewalPermission3mths,QBCC Senior Assessment Officer,certification,
11851,RestoreCancelledLicenceRenewalPermission3mths,QBCC Senior Assessment Officer,qbcc,Cat3To7
11846,RestoreCancelledLicenceRenewalPermission3mths,QBCC Senior Assessment Officer,qbcc,NotCat3To7
11854,RestoreCancelledLicenceRenewalPermission3mths,QBCC Senior Assessment Officer - Regional,qbcc,Cat3To7
11850,RestoreCancelledLicenceRenewalPermission3mths,QBCC Senior Assessment Officer - Regional,qbcc,NotCat3To7
11844,RestoreCancelledLicenceRenewalPermission3mths,QBCC Senior Compliance Assessment Officer,certification,
11853,RestoreCancelledLicenceRenewalPermission3mths,QBCC Senior Compliance Assessment Officer,qbcc,Cat3To7
11848,RestoreCancelledLicenceRenewalPermission3mths,QBCC Senior Compliance Assessment Officer,qbcc,NotCat3To7
11826,RevokeLicenceCardPermission,FRI Unit Users,qbcc,Cat3To7
11816,RevokeLicenceCardPermission,FRI Unit Users,qbcc,NotCat3To7
11829,RevokeLicenceCardPermission,Plumbing and Pools Users,plumberanddrainer,
11831,RevokeLicenceCardPermission,Plumbing and Pools Users,poolsafety,
11828,RevokeLicenceCardPermission,Plumbing Users,plumberanddrainer,
11830,RevokeLicenceCardPermission,Pool Safety Users,poolsafety,
11819,RevokeLicenceCardPermission,QBCC Assessment Officer,qbcc,Cat3To7
11809,RevokeLicenceCardPermission,QBCC Assessment Officer,qbcc,NotCat3To7
11824,RevokeLicenceCardPermission,QBCC Assessment Officer - Regional,qbcc,Cat3To7
11814,RevokeLicenceCardPermission,QBCC Assessment Officer - Regional,qbcc,NotCat3To7
11821,RevokeLicenceCardPermission,QBCC Case Manager,qbcc,Cat3To7
11811,RevokeLicenceCardPermission,QBCC Case Manager,qbcc,NotCat3To7
11818,RevokeLicenceCardPermission,QBCC Customer Support Officer,qbcc,Cat3To7
11808,RevokeLicenceCardPermission,QBCC Customer Support Officer,qbcc,NotCat3To7
11823,RevokeLicenceCardPermission,QBCC Customer Support Officer - Regional,qbcc,Cat3To7
11813,RevokeLicenceCardPermission,QBCC Customer Support Officer - Regional,qbcc,NotCat3To7
11820,RevokeLicenceCardPermission,QBCC Senior Assessment Officer,qbcc,Cat3To7
11810,RevokeLicenceCardPermission,QBCC Senior Assessment Officer,qbcc,NotCat3To7
11825,RevokeLicenceCardPermission,QBCC Senior Assessment Officer - Regional,qbcc,Cat3To7
11815,RevokeLicenceCardPermission,QBCC Senior Assessment Officer - Regional,qbcc,NotCat3To7
11822,RevokeLicenceCardPermission,QBCC Senior Compliance Assessment Officer,qbcc,Cat3To7
11812,RevokeLicenceCardPermission,QBCC Senior Compliance Assessment Officer,qbcc,NotCat3To7
11827,RevokeLicenceCardPermission,Senior FRI Unit Users,qbcc,Cat3To7
11817,RevokeLicenceCardPermission,Senior FRI Unit Users,qbcc,NotCat3To7
11608,SuspendLicenceClassPermission,BCIPA Senior Assessment Officer,bcipa,
11610,SuspendLicenceClassPermission,Certification Assessment Officer,certification,
11609,SuspendLicenceClassPermission,Certification Customer Support Officer,certification,
11621,SuspendLicenceClassPermission,FRI Unit Users,qbcc,
11624,SuspendLicenceClassPermission,Plumbing and Pools Users,plumberanddrainer,
11626,SuspendLicenceClassPermission,Plumbing and Pools Users,poolsafety,
11623,SuspendLicenceClassPermission,Plumbing Users,plumberanddrainer,
11625,SuspendLicenceClassPermission,Pool Safety Users,poolsafety,
11611,SuspendLicenceClassPermission,QBCC Assessment Officer,certification,
11615,SuspendLicenceClassPermission,QBCC Assessment Officer,qbcc,
11619,SuspendLicenceClassPermission,QBCC Assessment Officer - Regional,qbcc,
11613,SuspendLicenceClassPermission,QBCC Case Manager,certification,
11617,SuspendLicenceClassPermission,QBCC Case Manager,qbcc,
11612,SuspendLicenceClassPermission,QBCC Senior Assessment Officer,certification,
11616,SuspendLicenceClassPermission,QBCC Senior Assessment Officer,qbcc,
11620,SuspendLicenceClassPermission,QBCC Senior Assessment Officer - Regional,qbcc,
11614,SuspendLicenceClassPermission,QBCC Senior Compliance Assessment Officer,certification,
11618,SuspendLicenceClassPermission,QBCC Senior Compliance Assessment Officer,qbcc,
11622,SuspendLicenceClassPermission,Senior FRI Unit Users,qbcc,
11833,ViewSensitiveNotesAuthority,Sensitive Notes Viewer,qbcc,
